0,STRAIGHT BOURBON WHISKEY,21228,1792 Bourbon Full Proof,750ml,,125.0,$47.99 ,1792 full proof
1,STRAIGHT BOURBON WHISKEY,21232,1792 Port Finish Bourbon,750ml,,88.9,$42.99 ,1792 port finish
2,STRAIGHT BOURBON WHISKEY,21244,1792 Single Barrel Bourbon,750ml,,98.6,$42.99 ,1792 single barrel
3,STRAIGHT BOURBON WHISKEY,21236,1792 Small Batch Bourbon,750ml,,93.7,$33.99 ,1792 small batch
4,STRAIGHT BOURBON WHISKEY,21242,1792 Sweet Wheat Bourbon,750ml,,91.2,$39.99 ,1792 sweet wheat
5,STRAIGHT BOURBON WHISKEY,27833,Abraham Bowman Gingerbread Cocoa Finish Bourbon,375ml,,90.0,$39.99 ,abraham bowman gingerbread cocoa finish
6,STRAIGHT BOURBON WHISKEY,27484,Abraham Bowman Wheat Bourbon Limited Edition,750ml,,94.0,$69.99 ,abraham bowman wheat limited edition
7,STRAIGHT BOURBON WHISKEY,16514,Ancient Age Bourbon,375ml,4YR,80.0,$6.49 ,ancient age
8,STRAIGHT BOURBON WHISKEY,16516,Ancient Age Bourbon,750ml,4YR,80.0,$12.99 ,ancient age
9,STRAIGHT BOURBON WHISKEY,16517,Ancient Age Bourbon,1L,4YR,80.0,$14.99 ,ancient age
10,STRAIGHT BOURBON WHISKEY,16518,Ancient Age Bourbon,1.75L,4YR,80.0,$26.99 ,ancient age
11,STRAIGHT BOURBON WHISKEY,16530,Ancient Age Traveler,750ml,4YR,80.0,$12.99 ,ancient age traveler
12,STRAIGHT BOURBON WHISKEY,16537,Ancient Ancient Age Bourbon,1L,4YR,90.0,$16.99 ,ancient ancient age
13,STRAIGHT BOURBON WHISKEY,16538,Ancient Ancient Age Bourbon,1.75L,4YR,90.0,$28.99 ,ancient ancient age
14,STRAIGHT BOURBON WHISKEY,16562,Angel's Envy Port Barrel Bourbon,750ml,,86.6,$49.99 ,angel envy port barrel
15,STRAIGHT BOURBON WHISKEY,16580,Baker's Bourbon,750ml,7YR,107.0,$49.99 ,baker
16,STRAIGHT BOURBON WHISKEY,16666,Barterhouse Whiskey,750ml,,90.2,$75.99 ,barterhouse
17,STRAIGHT BOURBON WHISKEY,16676,Basil Hayden's Bourbon,750ml,8YR,80.0,$43.99 ,basil hayden
18,STRAIGHT BOURBON WHISKEY,16796,Belle Meade Bourbon,750ml,,90.4,$41.99 ,belle meade
19,STRAIGHT BOURBON WHISKEY,16798,Belle Meade Bourbon Sherry Finish,750ml,,90.4,$85.29 ,belle meade sherry finish
20,STRAIGHT BOURBON WHISKEY,16794,Belle Meade Bourbon Single Barrel,750ml,,92.0,$68.29 ,belle meade single barrel
21,STRAIGHT BOURBON WHISKEY,21480,Benchmark No. 8 Bourbon,750ml,,80.0,$10.99 ,benchmark no. 8
22,STRAIGHT BOURBON WHISKEY,21482,Benchmark No. 8 Bourbon,1.75L,,80.0,$21.99 ,benchmark no. 8
23,STRAIGHT BOURBON WHISKEY,16814,Bib & Tucker Bourbon,750ml,,92.0,$88.59 ,bib & tucker
24,STRAIGHT BOURBON WHISKEY,252,Bird Dog 100ml Variety Pack #2,100ml,,80.0,$13.99 ,bird dog 100ml variety pack #2
25,STRAIGHT BOURBON WHISKEY,16826,Bird Dog Bourbon,750ml,,80.0,$18.99 ,bird dog
26,STRAIGHT BOURBON WHISKEY,16829,Bird Dog Small Batch Bourbon,750ml,,86.0,$29.99 ,bird dog small batch
27,STRAIGHT BOURBON WHISKEY,16845,Blanton Single Barrel Bourbon,375ml,,93.0,$26.99 ,blanton single barrel
28,STRAIGHT BOURBON WHISKEY,16850,Blanton Single Barrel Bourbon,750ml,,93.0,$58.99 ,blanton single barrel
29,STRAIGHT BOURBON WHISKEY,16862,Blood Oath: Pact 2,750ml,,49.3,$99.99 ,blood oath: pact 2
30,STRAIGHT BOURBON WHISKEY,16906,Booker's Bourbon,750ml,8YR,126.0,$59.99 ,booker
31,STRAIGHT BOURBON WHISKEY,16968,Bourbon Supreme Bourbon,1.75L,4YR,80.0,$20.99 ,supreme
32,STRAIGHT BOURBON WHISKEY,17020,Bowman Brothers Virginia Straight Bourbon,750ml,,90.0,$29.99 ,bowman brothers virginia straight
33,STRAIGHT BOURBON WHISKEY,17017,Bowman's Bourbon,1L,3YR,80.0,$10.99 ,bowman
34,STRAIGHT BOURBON WHISKEY,23056,Breckenridge Bourbon,750ml,,86.0,$49.99 ,breckenridge
35,STRAIGHT BOURBON WHISKEY,18006,Buffalo Trace Bourbon,750ml,,90.0,$26.99 ,buffalo trace
36,STRAIGHT BOURBON WHISKEY,18008,Buffalo Trace Bourbon,1.75L,,90.0,$54.99 ,buffalo trace
37,STRAIGHT BOURBON WHISKEY,17090,Bulleit 10 Year Bourbon,750ml,,91.2,$51.99 ,bulleit 10
38,STRAIGHT BOURBON WHISKEY,17085,Bulleit Bourbon,375ml,,90.0,$17.99 ,bulleit
39,STRAIGHT BOURBON WHISKEY,17086,Bulleit Bourbon,750ml,,90.0,$32.99 ,bulleit
40,STRAIGHT BOURBON WHISKEY,17088,Bulleit Bourbon,1.75L,,90.0,$60.99 ,bulleit
41,STRAIGHT BOURBON WHISKEY,27804,Burnside Bourbon,750ml,,96.0,$34.99 ,burnside
42,STRAIGHT BOURBON WHISKEY,17176,Calumet Farm Bourbon,750ml,,86.0,$49.99 ,calumet farm
43,STRAIGHT BOURBON WHISKEY,27382,Cleveland Black Reserve,750ml,,100.0,$34.99 ,cleveland black reserve
44,STRAIGHT BOURBON WHISKEY,17520,Clyde May's Straight Bourbon,750ml,,92.0,$36.99 ,clyde may straight
45,STRAIGHT BOURBON WHISKEY,17507,Colonel's Pride Bourbon,1L,,80.0,$9.69 ,colonel pride
46,STRAIGHT BOURBON WHISKEY,17508,Colonel's Pride Bourbon,1.75L,,80.0,$16.99 ,colonel pride
47,STRAIGHT BOURBON WHISKEY,17566,David Nicholson 1843,750ml,,100.0,$29.99 ,david nicholson 1843
48,STRAIGHT BOURBON WHISKEY,17668,Distiller's Pride,1.75L,,80.0,$17.49 ,distiller pride
49,STRAIGHT BOURBON WHISKEY,17670,Duke Bourbon,750ml,,88.0,$41.19 ,duke
50,STRAIGHT BOURBON WHISKEY,17669,Duke Bourbon,750ml,,88.0,$41.19 ,duke
51,STRAIGHT BOURBON WHISKEY,21600,E H Taylor Jr. Barrel Proof Whiskey,750ml,,129.0,$69.99 ,e h taylor jr. barrel proof
52,STRAIGHT BOURBON WHISKEY,21602,E H Taylor Small Batch Whiskey,750ml,,100.0,$39.99 ,e h taylor small batch
53,STRAIGHT BOURBON WHISKEY,17766,Eagle Rare 10 Year Bourbon,750ml,,90.0,$30.99 ,eagle rare 10
54,STRAIGHT BOURBON WHISKEY,17768,Eagle Rare 10 Year Bourbon,1.75L,10YR,90.0,$57.99 ,eagle rare 10
55,STRAIGHT BOURBON WHISKEY,17764,Eagle Rare 10 Year Bourbon,375ml,10YR,90.0,$18.99 ,eagle rare 10
56,STRAIGHT BOURBON WHISKEY,17916,Elijah Craig,750ml,12YR,94.0,$29.99 ,elijah craig
57,STRAIGHT BOURBON WHISKEY,17919,Elijah Craig 12yr,1.75L,,94.0,$54.99 ,elijah craig 12
58,STRAIGHT BOURBON WHISKEY,17920,Elijah Craig 18-year Single Barrel Bourbon,750ml,18YR,90.0,$129.99 ,elijah craig 18- single barrel
59,STRAIGHT BOURBON WHISKEY,17923,Elijah Craig 21 Year Single Barrel Bourbon,750ml,,90.0,$158.29 ,elijah craig 21 single barrel
60,STRAIGHT BOURBON WHISKEY,17925,Elijah Craig 23 Year Single Barrel Bourbon,750ml,,90.0,$200.69 ,elijah craig 23 single barrel
61,STRAIGHT BOURBON WHISKEY,17914,Elijah Craig Small Batch Bourbon,750ml,,132.0,$49.99 ,elijah craig small batch
62,STRAIGHT BOURBON WHISKEY,17946,Elmer T Lee Bourbon,750ml,,90.0,$35.99 ,elmer t lee
63,STRAIGHT BOURBON WHISKEY,18096,Evan Williams 1783 Bourbon,750ml,,86.0,$16.99 ,evan williams 1783
64,STRAIGHT BOURBON WHISKEY,18098,Evan Williams 1783 Bourbon,1.75L,,86.0,$31.99 ,evan williams 1783
65,STRAIGHT BOURBON WHISKEY,17958,Evan Williams Black Bourbon,1.75L,,86.0,$26.99 ,evan williams black
66,STRAIGHT BOURBON WHISKEY,17953,Evan Williams Black Bourbon,200ml,,86.0,$4.99 ,evan williams black
67,STRAIGHT BOURBON WHISKEY,17954,Evan Williams Black Bourbon,375ml,,86.0,$6.99 ,evan williams black
68,STRAIGHT BOURBON WHISKEY,17956,Evan Williams Black Bourbon,750ml,,86.0,$13.99 ,evan williams black
69,STRAIGHT BOURBON WHISKEY,17957,Evan Williams Black Bourbon,1L,,86.0,$15.99 ,evan williams black
70,STRAIGHT BOURBON WHISKEY,18116,Evan Williams Black Carry Pack,750ml,,86.0,$13.99 ,evan williams black carry pack
71,STRAIGHT BOURBON WHISKEY,18044,Evan Williams Green Bourbon,375ml,,80.0,$5.99 ,evan williams green
72,STRAIGHT BOURBON WHISKEY,18046,Evan Williams Green Bourbon,750ml,,80.0,$10.99 ,evan williams green
73,STRAIGHT BOURBON WHISKEY,18047,Evan Williams Green Bourbon,1L,,80.0,$12.49 ,evan williams green
74,STRAIGHT BOURBON WHISKEY,18048,Evan Williams Green Bourbon,1.75L,,80.0,$22.99 ,evan williams green
75,STRAIGHT BOURBON WHISKEY,18120,Evan Williams Single Barrel Bourbon,750ml,7YR,86.6,$31.99 ,evan williams single barrel
76,STRAIGHT BOURBON WHISKEY,16096,Evan Williams White Bourbon,750ml,,100.0,$15.99 ,evan williams white
77,STRAIGHT BOURBON WHISKEY,18196,Ezra Brooks Bourbon,750ml,4YR,90.0,$12.99 ,ezra brooks
78,STRAIGHT BOURBON WHISKEY,18198,Ezra Brooks Bourbon,1.75L,4YR,90.0,$25.99 ,ezra brooks
79,STRAIGHT BOURBON WHISKEY,18271,Fighting Cock Bourbon,50ml,6YR,103.0,$1.69 ,fighting cock
80,STRAIGHT BOURBON WHISKEY,18276,Fighting Cock Bourbon,750ml,,103.0,$18.99 ,fighting cock
81,STRAIGHT BOURBON WHISKEY,18286,Filibuster Bourbon,750ml,,90.0,$46.29 ,filibuster
82,STRAIGHT BOURBON WHISKEY,18326,Forged Oak Bourbon,750ml,,90.5,$69.99 ,forged oak
83,STRAIGHT BOURBON WHISKEY,18361,Four Roses 2015 Limited Edition Small Batch,750ml,,111.8,$97.39 ,four roses limited edition 2015
84,STRAIGHT BOURBON WHISKEY,18367,Four Roses 2016 Limited Edition Small Batch,750ml,,111.2,$97.39 ,four roses small batch limited edition 2016
85,STRAIGHT BOURBON WHISKEY,18352,Four Roses Bourbon,750ml,,80.0,$21.99 ,four roses
86,STRAIGHT BOURBON WHISKEY,18368,Four Roses Elliott's Select 2016 Limited Edition,750ml,,120.0,$124.99 ,four roses elliott select 2016 limited edition
87,STRAIGHT BOURBON WHISKEY,18365,Four Roses Limited Edition Small Batch Barrel,750ml,,111.8,$93.59 ,four roses limited edition small batch barrel
88,STRAIGHT BOURBON WHISKEY,18350,Four Roses Single Barrel Bourbon,750ml,,100.0,$44.99 ,four roses single barrel
89,STRAIGHT BOURBON WHISKEY,18348,Four Roses Small Batch Bourbon,750ml,,90.0,$37.99 ,four roses small batch
90,STRAIGHT BOURBON WHISKEY,18564,Henry Mckenna Bourbon,375ml,4YR,80.0,$6.69 ,henry mckenna
91,STRAIGHT BOURBON WHISKEY,18566,Henry Mckenna Bourbon,750ml,4YR,80.0,$11.99 ,henry mckenna
92,STRAIGHT BOURBON WHISKEY,18567,Henry Mckenna Bourbon,1L,4YR,80.0,$14.99 ,henry mckenna
93,STRAIGHT BOURBON WHISKEY,18568,Henry Mckenna Bourbon,1.75L,4YR,80.0,$24.99 ,henry mckenna
94,STRAIGHT BOURBON WHISKEY,18656,Henry Mckenna Single Barrel Bourbon,750ml,10YR,100.0,$29.99 ,henry mckenna single barrel
95,STRAIGHT BOURBON WHISKEY,18604,High West American Prairie Bourbon,750ml,,92.0,$40.99 ,high west american prairie
96,STRAIGHT BOURBON WHISKEY,21597,Hiram Walker's Ten High Bourbon,1L,4YR,80.0,$10.49 ,hiram walker ten high
97,STRAIGHT BOURBON WHISKEY,21598,Hiram Walker's Ten High Bourbon,1.75L,4YR,80.0,$17.99 ,hiram walker ten high
98,STRAIGHT BOURBON WHISKEY,18620,Hirsch Small Batch Reserve Bourbon,750ml,,92.0,$39.99 ,hirsch small batch reserve
99,STRAIGHT BOURBON WHISKEY,18661,Hudson Baby Bourbon,750ml,,92.0,$59.99 ,hudson baby
100,STRAIGHT BOURBON WHISKEY,18660,Hudson Baby Bourbon,375ml,,92.0,$45.99 ,hudson baby
101,STRAIGHT BOURBON WHISKEY,18662,Hudson Four Grain Whiskey,375ml,,92.0,$45.99 ,hudson four grain
102,STRAIGHT BOURBON WHISKEY,18788,I W Harper Bourbon,750ml,,82.0,$34.99 ,i.w. harper
103,STRAIGHT BOURBON WHISKEY,27865,Ironclad Bourbon Whiskey,375ml,,90.0,$38.69 ,ironclad
104,STRAIGHT BOURBON WHISKEY,18906,J. R. Ewing Private Reserve Bourbon,750ml,4YR,80.0,$34.99 ,j. r. ewing private reserve
105,STRAIGHT BOURBON WHISKEY,18928,J.T.S. Brown,1.75L,,80.0,$18.99 ,j.t.s. brown
106,STRAIGHT BOURBON WHISKEY,19017,Jefferson's Ocean - Aged At Sea,750ml,,90.0,$79.99 ,jefferson ocean - aged at sea
107,STRAIGHT BOURBON WHISKEY,19046,Jefferson's Ocean Aged At Sea Cask Strength,750ml,,112.0,$99.99 ,jefferson ocean aged at sea cask strength
108,STRAIGHT BOURBON WHISKEY,19006,Jefferson's Reserve Bourbon,750ml,,90.0,$52.99 ,jefferson reserve
109,STRAIGHT BOURBON WHISKEY,19044,Jefferson's Reserve Groth Cask Finish,750ml,,90.2,$79.99 ,jefferson reserve groth cask finish
110,STRAIGHT BOURBON WHISKEY,19009,Jefferson's Very Small Batch,750ml,,82.0,$34.99 ,jefferson very small batch
111,STRAIGHT BOURBON WHISKEY,207,Jefferson's Wood Experiment Collection,1L,,92.0,$99.99 ,jefferson wood experiment collection
112,STRAIGHT BOURBON WHISKEY,19019,Jesse James Bourbon Whiskey,750ml,,80.0,$19.09 ,original jesse james
113,STRAIGHT BOURBON WHISKEY,19078,Jim Beam 7 Year Bourbon,1.75L,7YR,80.0,$46.99 ,jim beam seven
114,STRAIGHT BOURBON WHISKEY,19076,Jim Beam 7 Yr,750ml,7YR,80.0,$23.99 ,jim beam seven
115,STRAIGHT BOURBON WHISKEY,19027,Jim Beam Black Bourbon,1L,8YR,86.0,$29.99 ,jim beam black
116,STRAIGHT BOURBON WHISKEY,19026,Jim Beam Black Bourbon,750ml,8YR,86.0,$24.99 ,jim beam black
117,STRAIGHT BOURBON WHISKEY,19028,Jim Beam Black Bourbon,1.75L,8YR,86.0,$51.99 ,jim beam black
118,STRAIGHT BOURBON WHISKEY,16196,Jim Beam Bonded,750ml,,100.0,$24.99 ,jim beam bonded
119,STRAIGHT BOURBON WHISKEY,19061,Jim Beam Bourbon,50ml,4YR,80.0,$1.49 ,jim beam
120,STRAIGHT BOURBON WHISKEY,19066,Jim Beam Bourbon,750ml,4YR,80.0,$17.49 ,jim beam
121,STRAIGHT BOURBON WHISKEY,19067,Jim Beam Bourbon,1L,4YR,80.0,$20.99 ,jim beam
122,STRAIGHT BOURBON WHISKEY,19068,Jim Beam Bourbon,1.75L,4YR,80.0,$32.99 ,jim beam
123,STRAIGHT BOURBON WHISKEY,19063,Jim Beam Bourbon (plastic),200ml,4YR,80.0,$5.99 ,jim beam (plastic)
124,STRAIGHT BOURBON WHISKEY,19064,Jim Beam Bourbon (plastic),375ml,4YR,80.0,$9.99 ,jim beam (plastic)
125,STRAIGHT BOURBON WHISKEY,19082,Jim Beam Bourbon Operation Homefront (plastic),1.75L,,80.0,$31.99 ,jim beam operation homefront (plastic)
126,STRAIGHT BOURBON WHISKEY,399,Jim Beam Candy Cane Trial Pack,50ml,,70.0,$4.99 ,jim beam candy cane trial pack
127,STRAIGHT BOURBON WHISKEY,19111,Jim Beam Devil's Cut Bourbon,375ml,,90.0,$13.99 ,jim beam devil cut
128,STRAIGHT BOURBON WHISKEY,19112,Jim Beam Devil's Cut Bourbon,750ml,,90.0,$24.99 ,jim beam devil cut
129,STRAIGHT BOURBON WHISKEY,19110,Jim Beam Devil's Cut Bourbon,50ml,,90.0,$1.49 ,jim beam devil cut
130,STRAIGHT BOURBON WHISKEY,19040,Jim Beam Distiller's Masterpiece,750ml,,100.0,$199.99 ,jim beam distiller masterpiece
131,STRAIGHT BOURBON WHISKEY,19048,Jim Beam Double Oak,750ml,,86.0,$24.99 ,jim beam double oak
132,STRAIGHT BOURBON WHISKEY,19036,Jim Beam Signature Craft 12 Year Bourbon,750ml,,86.0,$36.99 ,jim beam signature 12
133,STRAIGHT BOURBON WHISKEY,19038,Jim Beam Signature Craft Brandy Finish Bourbon,750ml,,86.0,$36.99 ,jim beam signature brandy finish
134,STRAIGHT BOURBON WHISKEY,19037,Jim Beam Signature Craft Quarter Cask Bourbon,750ml,,86.0,$36.99 ,jim beam signature quarter cask
135,STRAIGHT BOURBON WHISKEY,19116,Jim Beam Single Barrel Bourbon,750ml,,95.0,$34.99 ,jim beam single barrel
136,STRAIGHT BOURBON WHISKEY,19096,Jim Beam Traveler,750ml,4YR,80.0,$17.49 ,jim beam traveler
137,STRAIGHT BOURBON WHISKEY,16706,Jim Beam's Choice Bourbon,750ml,5YR,80.0,$19.99 ,jim beam choice
138,STRAIGHT BOURBON WHISKEY,16708,Jim Beam's Choice Bourbon,1.75L,5YR,80.0,$38.99 ,jim beam choice
139,STRAIGHT BOURBON WHISKEY,19120,John B Stetson Bourbon,750ml,,84.0,$35.59 ,john b stetson
140,STRAIGHT BOURBON WHISKEY,18850,John E. Fitzgerald VS Reserve,375ml,20YR,90.0,$299.99 ,john e. fitzgerald vs reserve
141,STRAIGHT BOURBON WHISKEY,17022,John J Bowman Virginia Straight Bourbon,750ml,,100.0,$49.99 ,john j bowman virginia straight
142,STRAIGHT BOURBON WHISKEY,27928,Joseph Magnus Bourbon,750ml,,100.0,$91.99 ,joseph magnus
143,STRAIGHT BOURBON WHISKEY,19341,Kentucky Supreme No. 8 Bourbon,1.75L,,80.0,$18.49 ,kentucky supreme no. 8
144,STRAIGHT BOURBON WHISKEY,20538,Kentucky Tavern Bourbon,1.75L,4YR,80.0,$17.79 ,kentucky tavern
145,STRAIGHT BOURBON WHISKEY,19240,Knob Creek 2001 Bourbon,750ml,15YR,100.0,$126.29 ,knob creek 2001
146,STRAIGHT BOURBON WHISKEY,19227,Knob Creek Bourbon,1L,,100.0,$46.99 ,knob creek
147,STRAIGHT BOURBON WHISKEY,19221,Knob Creek Bourbon,50ml,9YR,100.0,$4.99 ,knob creek
148,STRAIGHT BOURBON WHISKEY,19224,Knob Creek Bourbon,375ml,9YR,100.0,$19.99 ,knob creek
149,STRAIGHT BOURBON WHISKEY,19226,Knob Creek Bourbon,750ml,9YR,100.0,$36.99 ,knob creek
150,STRAIGHT BOURBON WHISKEY,19228,Knob Creek Bourbon,1.75L,9YR,100.0,$70.99 ,knob creek
151,STRAIGHT BOURBON WHISKEY,19235,Knob Creek Single Barrel Reserve,750ml,,120.0,$47.99 ,knob creek single barrel reserve
152,STRAIGHT BOURBON WHISKEY,18852,Larceny Bourbon,50ml,,92.0,$1.59 ,larceny
153,STRAIGHT BOURBON WHISKEY,18858,Larceny Bourbon,1.75L,,92.0,$54.99 ,larceny
154,STRAIGHT BOURBON WHISKEY,18856,Larceny Bourbon,750ml,,92.0,$29.99 ,larceny
155,STRAIGHT BOURBON WHISKEY,19436,Lexington Bourbon,750ml,,86.0,$27.99 ,lexington
156,STRAIGHT BOURBON WHISKEY,19485,Maker's Mark 46 Bourbon,375ml,,94.0,$22.99 ,maker mark 46
157,STRAIGHT BOURBON WHISKEY,19486,Maker's Mark 46 Bourbon,750ml,,94.0,$39.99 ,maker mark 46
158,STRAIGHT BOURBON WHISKEY,19562,Maker's Mark American Pharaoh,1L,,0.0,$74.99 ,maker mark american pharaoh
159,STRAIGHT BOURBON WHISKEY,19473,Maker's Mark Bourbon,200ml,,90.0,$9.99 ,maker mark
160,STRAIGHT BOURBON WHISKEY,19475,Maker's Mark Bourbon,375ml,,90.0,$18.49 ,maker mark
161,STRAIGHT BOURBON WHISKEY,19471,Maker's Mark Bourbon,50ml,,90.0,$3.99 ,maker mark
162,STRAIGHT BOURBON WHISKEY,19476,Maker's Mark Bourbon,750ml,4YR,90.0,$29.99 ,maker mark
163,STRAIGHT BOURBON WHISKEY,19477,Maker's Mark Bourbon,1L,,90.0,$40.99 ,maker mark
164,STRAIGHT BOURBON WHISKEY,19478,Maker's Mark Bourbon,1.75L,4YR,90.0,$61.99 ,maker mark
165,STRAIGHT BOURBON WHISKEY,19481,Maker's Mark Cask Strength,750ml,,110.0,$59.99 ,maker mark cask strength
166,STRAIGHT BOURBON WHISKEY,19632,Mattingly & Moore Bourbon,1L,,80.0,$9.99 ,mattingly & moore
167,STRAIGHT BOURBON WHISKEY,19633,Mattingly & Moore Bourbon,1.75L,,80.0,$18.99 ,mattingly & moore
168,STRAIGHT BOURBON WHISKEY,19826,Medley Bros. Straight Bourbon Whiskey,750ml,,102.0,$24.99 ,medley bros. straight
169,STRAIGHT BOURBON WHISKEY,19876,Michter's Single Barrel 10 Yr. Bourbon,750ml,10YR,94.4,$114.99 ,michter single barrel 10 .
170,STRAIGHT BOURBON WHISKEY,19880,Michter's Us1 Small Batch Bourbon,750ml,,91.4,$41.99 ,michter us1 small batch
171,STRAIGHT BOURBON WHISKEY,27767,Murlarkey Cincerity,750ml,,80.0,$29.99 ,murlarkey cincerity
172,STRAIGHT BOURBON WHISKEY,20908,Old 1889 Brand,1.75L,,80.0,$18.99 ,old 1889 brand
173,STRAIGHT BOURBON WHISKEY,20246,Old Crow,750ml,4YR,80.0,$9.99 ,old crow
174,STRAIGHT BOURBON WHISKEY,20247,Old Crow,1L,4YR,80.0,$10.99 ,old crow
175,STRAIGHT BOURBON WHISKEY,20248,Old Crow,1.75L,4YR,80.0,$19.99 ,old crow
176,STRAIGHT BOURBON WHISKEY,20258,Old Crow Reserve,1.75L,,86.0,$22.99 ,old crow reserve
177,STRAIGHT BOURBON WHISKEY,20286,Old Crow Traveler,750ml,4YR,80.0,$9.99 ,old crow traveler
178,STRAIGHT BOURBON WHISKEY,20366,Old Forester,750ml,,86.0,$18.99 ,old forester
179,STRAIGHT BOURBON WHISKEY,20367,Old Forester,1L,,86.0,$21.99 ,old forester
180,STRAIGHT BOURBON WHISKEY,20368,Old Forester,1.75L,,86.0,$37.99 ,old forester
181,STRAIGHT BOURBON WHISKEY,20369,Old Forester 1870 Craft,750ml,,90.0,$44.99 ,old forester 1870
182,STRAIGHT BOURBON WHISKEY,811,Old Forester Birthday Bourbon 2016,750ml,,97.0,$79.99 ,old forester birthday 2016
183,STRAIGHT BOURBON WHISKEY,16396,Old Forester Signature,750ml,,100.0,$21.99 ,old forester signature
184,STRAIGHT BOURBON WHISKEY,20454,Old Grand Dad,750ml,,80.0,$18.99 ,old grand dad
185,STRAIGHT BOURBON WHISKEY,16416,Old Grand Dad 100,750ml,,100.0,$22.99 ,old grand dad 100
186,STRAIGHT BOURBON WHISKEY,20116,Old Grand Dad 114,750ml,,114.0,$24.99 ,old grand dad 114
187,STRAIGHT BOURBON WHISKEY,20676,Old Medley 12 Yr,750ml,,86.8,$64.99 ,old medley 12
188,STRAIGHT BOURBON WHISKEY,20140,Old Rip Van Winkle 10yr,750ml,,107.0,$59.99 ,old rip van winkle 10
189,STRAIGHT BOURBON WHISKEY,20819,Old Taylor PET,1.75L,,80.0,$18.99 ,old taylor pet
190,STRAIGHT BOURBON WHISKEY,20988,Olde Bourbon,1.75L,,80.0,$19.30 ,olde
191,STRAIGHT BOURBON WHISKEY,20150,Pappy Van Winkle Family Reserve 15yr,750ml,,107.0,$99.99 ,pappy van winkle family reserve 15
192,STRAIGHT BOURBON WHISKEY,27879,Parker's Heritage 24 Yr Bib,750ml,,100.0,$249.99 ,parker heritage 24 bib
193,STRAIGHT BOURBON WHISKEY,21206,Rebel Yell,750ml,4YR,80.0,$15.99 ,rebel yell
194,STRAIGHT BOURBON WHISKEY,21208,Rebel Yell,1.75L,4YR,80.0,$26.99 ,rebel yell
195,STRAIGHT BOURBON WHISKEY,16454,Reservoir Bourbon Whiskey,375ml,,100.0,$42.19 ,reservoir
196,STRAIGHT BOURBON WHISKEY,21230,Rhetoric Whiskey,750ml,22YR,90.0,$109.99 ,rhetoric
197,STRAIGHT BOURBON WHISKEY,732,Rod And Rifle Straight Bourbon Whiskey,750ml,,80.0,$37.09 ,rod and rifle straight
198,STRAIGHT BOURBON WHISKEY,22178,Russell's Reserve Single Barrel,750ml,,110.0,$59.99 ,russell reserve single barrel
199,STRAIGHT BOURBON WHISKEY,21348,Sam Clay,1.75L,6YR,80.0,$19.49 ,sam clay
200,STRAIGHT BOURBON WHISKEY,27590,Smooth Ambler Old Scout Bourbon,750ml,,99.0,$42.79 ,smooth ambler old scout
201,STRAIGHT BOURBON WHISKEY,21540,Stagg Jr.,750ml,,134.4,$52.99 ,stagg jr.
202,STRAIGHT BOURBON WHISKEY,27560,Stranahan Colorado Whiskey,750ml,,94.0,$59.99 ,stranahan colorado
203,STRAIGHT BOURBON WHISKEY,27835,The Gifted Horse,750ml,,115.0,$49.99 ,gifted horse
204,STRAIGHT BOURBON WHISKEY,21906,Van Winkle Special Reserve Bourbon 12 Yr,750ml,,90.4,$69.99 ,van winkle special reserve 12
205,STRAIGHT BOURBON WHISKEY,21878,Very Old Barton 86 Proof,1.75L,6YR,86.0,$23.99 ,very old barton 86 proof
206,STRAIGHT BOURBON WHISKEY,21751,Virginia Gentleman,50ml,4YR,80.0,$1.49 ,virginia gentleman
207,STRAIGHT BOURBON WHISKEY,21754,Virginia Gentleman,375ml,4YR,80.0,$6.49 ,virginia gentleman
208,STRAIGHT BOURBON WHISKEY,21755,Virginia Gentleman,750ml,4YR,80.0,$13.99 ,virginia gentleman
209,STRAIGHT BOURBON WHISKEY,21756,Virginia Gentleman,750ml,4YR,80.0,$13.99 ,virginia gentleman
210,STRAIGHT BOURBON WHISKEY,21757,Virginia Gentleman,1L,4YR,80.0,$16.99 ,virginia gentleman
211,STRAIGHT BOURBON WHISKEY,21758,Virginia Gentleman,1.75L,4YR,80.0,$27.99 ,virginia gentleman
212,STRAIGHT BOURBON WHISKEY,21970,Wathen's Single Barrel Bourbon,750ml,,94.0,$39.99 ,wathen single barrel
213,STRAIGHT BOURBON WHISKEY,27296,Whoop & Holler,750ml,,84.0,$189.99 ,whoop & holler
214,STRAIGHT BOURBON WHISKEY,22151,Wild Turkey 101,50ml,,101.0,$2.49 ,wild turkey 101
215,STRAIGHT BOURBON WHISKEY,22153,Wild Turkey 101,200ml,,101.0,$9.49 ,wild turkey 101
216,STRAIGHT BOURBON WHISKEY,22154,Wild Turkey 101,375ml,8YR,101.0,$13.99 ,wild turkey 101
217,STRAIGHT BOURBON WHISKEY,22156,Wild Turkey 101,750ml,,101.0,$25.99 ,wild turkey 101
218,STRAIGHT BOURBON WHISKEY,22157,Wild Turkey 101,1L,,101.0,$33.49 ,wild turkey 101
219,STRAIGHT BOURBON WHISKEY,22158,Wild Turkey 101,1.75L,,101.0,$51.99 ,wild turkey 101
220,STRAIGHT BOURBON WHISKEY,22121,Wild Turkey 81,750ml,,81.0,$23.99 ,wild turkey 81
221,STRAIGHT BOURBON WHISKEY,22122,Wild Turkey 81,1L,,81.0,$29.99 ,wild turkey 81
222,STRAIGHT BOURBON WHISKEY,22123,Wild Turkey 81,1.75L,,81.0,$46.99 ,wild turkey 81
223,STRAIGHT BOURBON WHISKEY,22166,Wild Turkey Bourbon PET,750ml,,101.0,$25.99 ,wild turkey pet
224,STRAIGHT BOURBON WHISKEY,22095,Wild Turkey Diamond,750ml,,91.0,$129.99 ,wild turkey diamond
225,STRAIGHT BOURBON WHISKEY,21946,Wild Turkey Kentucky Spirit,750ml,,101.0,$54.99 ,wild turkey kentucky spirit
226,STRAIGHT BOURBON WHISKEY,22099,Wild Turkey Masters 17yr,750ml,,86.8,$149.99 ,wild turkey masters 17
227,STRAIGHT BOURBON WHISKEY,22097,Wild Turkey Masters Keep Decades,750ml,,104.0,$149.99 ,wild turkey masters keep
228,STRAIGHT BOURBON WHISKEY,22199,Wild Turkey Rare Breed,750ml,,112.8,$44.99 ,wild turkey rare breed
229,STRAIGHT BOURBON WHISKEY,22198,Wild Turkey Rare Breed,375ml,,112.8,$23.99 ,wild turkey rare breed
230,STRAIGHT BOURBON WHISKEY,22202,Wild Turkey Rare Breed,50ml,,108.2,$3.99 ,wild turkey rare breed
231,STRAIGHT BOURBON WHISKEY,22204,Wild Turkey Rare Breed,375ml,,108.0,$23.99 ,wild turkey rare breed
232,STRAIGHT BOURBON WHISKEY,22205,Wild Turkey Rare Breed,750ml,,108.0,$44.99 ,wild turkey rare breed
233,STRAIGHT BOURBON WHISKEY,22175,Wild Turkey Russell Reserve 10 Yr,750ml,,90.0,$35.99 ,wild turkey russell reserve 10
234,STRAIGHT BOURBON WHISKEY,347,Wood Experiment Box Set 1,1L,,46.0,$99.99 ,wood experiment box set 1
235,STRAIGHT BOURBON WHISKEY,348,Wood Experiment Box Set 2,1L,,46.0,$99.99 ,wood experiment box set 2
236,STRAIGHT BOURBON WHISKEY,22216,Woodford Reserve,750ml,,90.0,$36.99 ,woodford reserve
237,STRAIGHT BOURBON WHISKEY,22215,Woodford Reserve Bourbon,750ml,,90.4,$36.99 ,woodford reserve
238,STRAIGHT BOURBON WHISKEY,22217,Woodford Reserve Bourbon,1L,,90.4,$45.99 ,woodford reserve
239,STRAIGHT BOURBON WHISKEY,22213,Woodford Reserve Bourbon,1.75L,,90.4,$69.99 ,woodford reserve
240,STRAIGHT BOURBON WHISKEY,22214,Woodford Reserve Bourbon,375ml,,90.0,$19.99 ,woodford reserve
241,STRAIGHT BOURBON WHISKEY,22209,Woodford Reserve Bourbon (plastic),50ml,,90.4,$3.49 ,woodford reserve (plastic)
242,STRAIGHT BOURBON WHISKEY,22219,Woodford Reserve Derby,1L,,90.4,$44.99 ,woodford reserve derby
243,STRAIGHT BOURBON WHISKEY,22228,Woodford Reserve Double Oaked,750ml,,90.4,$56.99 ,woodford reserve double oaked
244,STRAIGHT BOURBON WHISKEY,22222,Woodford Reserve Master Collection Brandy Finish,750ml,,90.4,$99.99 ,woodford reserve master collection brandy finish
245,STRAIGHT BOURBON WHISKEY,22230,Woodford Reserve Master Collection Classic,750ml,,90.4,$99.99 ,woodford reserve master collection classic
246,STRAIGHT BOURBON WHISKEY,22231,Woodford Reserve Master Collection Straight,750ml,,90.4,$99.99 ,woodford reserve master collection straight
247,STRAIGHT BOURBON WHISKEY,22246,Yellow Stone 7yr Limited Edition 2015 Ksbw,750ml,7YR,52.5,$104.99 ,yellow stone 7 limited edition 2015 ksbw
248,STRAIGHT BOURBON WHISKEY,22248,Yellowstone 7yr Limited Edition 2016,750ml,7YR,101.0,$99.99 ,yellowstone 7 limited edition 2016
249,STRAIGHT BOURBON WHISKEY,22244,Yellowstone Select,750ml,,46.5,$49.99 ,yellowstone select
250,TENNESSEE WHISKEY,26585,Gentleman Jack Whiskey,375ml,,80.0,$16.99 ,jack daniel gentleman jack
251,TENNESSEE WHISKEY,26582,Gentleman Jack Whiskey,1L,,80.0,$39.99 ,jack daniel gentleman jack
252,TENNESSEE WHISKEY,26581,Gentleman Jack Whiskey,50ml,,80.0,$2.99 ,jack daniel gentleman jack
253,TENNESSEE WHISKEY,26586,Gentleman Jack Whiskey,750ml,,80.0,$32.99 ,jack daniel gentleman jack
254,TENNESSEE WHISKEY,26589,Gentleman Jack Whiskey,1.75L,,80.0,$64.99 ,jack daniel gentleman jack
255,TENNESSEE WHISKEY,26594,George Dickel 14 Year Tennessee Whisey,750ml,,106.0,$64.99 ,george dickel 14 whisey
256,TENNESSEE WHISKEY,26592,George Dickel Hand Selected Barrel 9 Year,750ml,,103.0,$44.95 ,george dickel hand selected barrel 9
257,TENNESSEE WHISKEY,26654,George Dickel No. 12 Tennessee Whiskey,375ml,4YR,90.0,$13.49 ,george dickel no. 12
258,TENNESSEE WHISKEY,26656,George Dickel No. 12 Tennessee Whiskey,750ml,4YR,90.0,$25.99 ,george dickel no. 12
259,TENNESSEE WHISKEY,26657,George Dickel No. 12 Tennessee Whiskey,1L,4YR,90.0,$29.99 ,george dickel no. 12
260,TENNESSEE WHISKEY,26658,George Dickel No. 12 Tennessee Whiskey,1.75L,4YR,90.0,$45.99 ,george dickel no. 12
261,TENNESSEE WHISKEY,26604,George Dickel No. 8 Tennessee Whiskey,375ml,4YR,80.0,$11.49 ,george dickel no. 8
262,TENNESSEE WHISKEY,26606,George Dickel No. 8 Tennessee Whiskey,750ml,4YR,80.0,$22.99 ,george dickel no. 8
263,TENNESSEE WHISKEY,26607,George Dickel No. 8 Tennessee Whiskey,1L,4YR,80.0,$25.99 ,george dickel no. 8
264,TENNESSEE WHISKEY,26608,George Dickel No. 8 Tennessee Whiskey,1.75L,4YR,80.0,$40.99 ,george dickel no. 8
265,TENNESSEE WHISKEY,26879,Jack Daniel's 150th Anniversary Tennessee Whiskey,750ml,,86.0,$27.99 ,jack daniel 150th anniversary
266,TENNESSEE WHISKEY,26881,Jack Daniel's 150th Super Premium,1L,,100.0,$99.99 ,jack daniel 150th super premium
267,TENNESSEE WHISKEY,822,Jack Daniel's Holiday Select,750ml,,98.0,$49.99 ,jack daniel holiday select
268,TENNESSEE WHISKEY,832,Jack Daniel's Master Distiller,750ml,,86.0,$29.99 ,jack daniel master distiller
269,TENNESSEE WHISKEY,26820,Jack Daniel's No. 7 Black Tennessee Whiskey,375ml,,80.0,$12.99 ,jack daniel no. seven black
270,TENNESSEE WHISKEY,26821,Jack Daniel's No. 7 Black Tennessee Whiskey,50ml,,80.0,$2.29 ,jack daniel no. seven black
271,TENNESSEE WHISKEY,26823,Jack Daniel's No. 7 Black Tennessee Whiskey,200ml,,80.0,$8.99 ,jack daniel no. seven black
272,TENNESSEE WHISKEY,26826,Jack Daniel's No. 7 Black Tennessee Whiskey,750ml,,80.0,$24.99 ,jack daniel no. seven black
273,TENNESSEE WHISKEY,26827,Jack Daniel's No. 7 Black Tennessee Whiskey,1L,,80.0,$32.99 ,jack daniel no. seven black
274,TENNESSEE WHISKEY,26828,Jack Daniel's No. 7 Black Tennessee Whiskey,1.75L,,80.0,$52.99 ,jack daniel no. seven black
275,TENNESSEE WHISKEY,27641,Jack Daniel's Rested Rye,750ml,2YR,80.0,$51.90 ,jack daniel rested rye
276,TENNESSEE WHISKEY,804,Jack Daniel's Sinatra Select,1L,,90.0,$149.99 ,jack daniel sinatra select
277,TENNESSEE WHISKEY,367,Jack Daniel's Single Barrel - Barrel Proof,750ml,,125.0,$69.99 ,jack daniel single barrel - barrel proof
278,TENNESSEE WHISKEY,731,Jack Daniel's Single Barrel Holiday Select 2014,750ml,,96.0,$49.99 ,jack daniel single barrel holiday select 2014
279,TENNESSEE WHISKEY,26906,Jack Daniel's Single Barrel Tennessee Whiskey,750ml,,94.0,$49.99 ,jack daniel single barrel
280,TENNESSEE WHISKEY,26902,Jack Daniel's Single Barrel Tennessee Whiskey,50ml,,94.0,$4.49 ,jack daniel single barrel
281,TENNESSEE WHISKEY,26907,Jack Daniel's Single Barrel Tennessee Whiskey,1L,,94.0,$58.99 ,jack daniel single barrel
282,TENNESSEE WHISKEY,26950,Prichard's Tennessee Whiskey,750ml,13YR,80.0,$36.99 ,prichard
283,CORN WHISKEY,27317,13th Colony Southern Corn Whiskey,750ml,,95.0,$29.95 ,13th colony southern corn
284,CORN WHISKEY,27250,Balcones Baby Blue Corn Whiskey,750ml,,92.0,$42.99 ,balcones baby blue
285,CORN WHISKEY,27260,Everclear Lightnin' Corn Whiskey,750ml,,90.0,$19.90 ,everclear lightnin' corn
286,CORN WHISKEY,27279,Revelations Single Malt Corn,750ml,,95.0,$69.69 ,revelations single malt corn
287,CORN WHISKEY,27298,Virginia Sweetwater Shiners Gold Moonshine 101 Pro,750ml,,101.0,$34.89 ,virginia sweetwater shiners gold moonshine 101 pro
288,CORN WHISKEY,27311,War Horn Whisky,750ml,,80.0,$34.89 ,war horn
289,CORN WHISKEY,29503,War Horn Whisky (distillery Only),375ml,,85.0,$24.99 ,war horn (distillery only)
290,CORN WHISKEY,27883,White Label Corn Whiskey,750ml,,100.0,$32.49 ,white corn
291,CORN WHISKEY,22227,Woodford Reserve Master Collection 1838 White Corn,750ml,,90.4,$99.99 ,woodford reserve master collection 1838 white corn
292,STRAIGHT RYE WHISKEY,27080,(ri)1 Rye Whiskey,750ml,,92.0,$39.99 ,(ri)1 rye
293,STRAIGHT RYE WHISKEY,21248,1792 High Rye,750ml,,94.3,$39.99 ,1792 high rye
294,STRAIGHT RYE WHISKEY,11520,Alberta Dark Batch Rye Whiskey,750ml,,94.0,$29.99 ,alberta dark batch rye
295,STRAIGHT RYE WHISKEY,27380,Angel's Envy Rye Whiskey,750ml,,100.0,$79.99 ,angel envy rye
296,STRAIGHT RYE WHISKEY,27000,Booker's Rye Whiskey,750ml,,136.2,$299.99 ,booker rye
297,STRAIGHT RYE WHISKEY,27022,Bulleit Rye,1.75L,,90.0,$60.99 ,bulleit rye
298,STRAIGHT RYE WHISKEY,27021,Bulleit Rye Whiskey,375ml,,45.0,$17.99 ,bulleit rye
299,STRAIGHT RYE WHISKEY,27025,Bulleit Rye Whiskey,750ml,,90.0,$33.99 ,bulleit rye
300,STRAIGHT RYE WHISKEY,10855,Canadian Club Rye Whisky,750ml,,80.0,$19.99 ,canadian club
301,STRAIGHT RYE WHISKEY,27488,Catoctin Creek Mosby's Spirit Rye Whiskey,750ml,,80.0,$29.49 ,catoctin creek mosby spirit rye
302,STRAIGHT RYE WHISKEY,27018,Catoctin Creek Roundstone Rye Whiskey 92 Proof,750ml,4YR,92.0,$52.79 ,catoctin creek roundstone rye 92 proof
303,STRAIGHT RYE WHISKEY,27030,Catoctin Creek Roundstone Rye Whisky,750ml,,80.0,$45.09 ,catoctin creek roundstone rye
304,STRAIGHT RYE WHISKEY,27043,Copper Fox Rye Whiskey,750ml,,90.0,$44.99 ,copper fox rye
305,STRAIGHT RYE WHISKEY,10828,Crown Royal Northern Harvest Rye Whiskey,750ml,,90.0,$31.99 ,crown royal northern harvest rye
306,STRAIGHT RYE WHISKEY,27101,E H Taylor Jr. Straight Rye Whiskey,750ml,,100.0,$59.99 ,e h taylor jr. straight rye
307,STRAIGHT RYE WHISKEY,21603,E H Taylor Seasoned Wood Whiskey,750ml,,100.0,$67.99 ,e h taylor seasoned wood
308,STRAIGHT RYE WHISKEY,27007,Filibuster Dual Cask Rye Whiskey,750ml,,90.0,$46.29 ,filibuster dual cask rye
309,STRAIGHT RYE WHISKEY,27031,Geo. Washington Straight Rye 2yr (distillery Only),375ml,,86.0,$187.99 ,geo. washington straight rye 2 (distillery only)
310,STRAIGHT RYE WHISKEY,100124,Geo.washington Unaged Rye 96 Proof Distillery Only,50ml,,96.0,$29.99 ,geo.washington unaged rye 96 proof distillery only
311,STRAIGHT RYE WHISKEY,27037,George Dickel Rye Whiskey,750ml,,90.0,$28.99 ,george dickel rye
312,STRAIGHT RYE WHISKEY,27033,George Washington Rye Whiskey (distlllery Only),375ml,,86.0,$97.99 ,george washington rye (distlllery only)
313,STRAIGHT RYE WHISKEY,27040,High West Whiskey Double Rye,750ml,,92.0,$40.99 ,high west double rye
314,STRAIGHT RYE WHISKEY,27123,Hudson Manhattan Rye Whiskey,750ml,,92.0,$59.99 ,hudson manhattan rye
315,STRAIGHT RYE WHISKEY,27122,Hudson Maple Cask Rye Whiskey,375ml,,92.0,$49.99 ,hudson maple cask rye
316,STRAIGHT RYE WHISKEY,308,Jack Daniel's 4 Year Single Barrel Rye Whiskey,750ml,4YR,94.0,$54.99 ,jack daniel 4 single barrel rye
317,STRAIGHT RYE WHISKEY,27136,James E. Pepper 1776 Barrel Proof Rye Whiskey,750ml,,117.0,$38.59 ,james e. pepper 1776 barrel proof rye
318,STRAIGHT RYE WHISKEY,27051,James E. Pepper 1776 Rye Whiskey,750ml,,100.0,$29.89 ,james e. pepper 1776 straight rye
319,STRAIGHT RYE WHISKEY,27058,Jim Beam Rye Whiskey,1.75L,,90.0,$41.99 ,jim beam rye
320,STRAIGHT RYE WHISKEY,27056,Jim Beam Rye Whiskey,750ml,,90.0,$22.99 ,jim beam rye
321,STRAIGHT RYE WHISKEY,11452,JP Wiser's Rye,750ml,,80.0,$19.99 ,jp wiser rye
322,STRAIGHT RYE WHISKEY,11450,JP Wiser's Rye,50ml,,80.0,$0.99 ,jp wiser rye
323,STRAIGHT RYE WHISKEY,27048,Knob Creek Rye Whiskey,750ml,,100.0,$36.99 ,knob creek rye
324,STRAIGHT RYE WHISKEY,27065,Lock Stock & Barrel 13 Year Rye Whiskey,750ml,,101.0,$99.99 ,lock stock & barrel 13 rye
325,STRAIGHT RYE WHISKEY,27146,Lock Stock & Barrel 16 Yr Straight Rye Whiskey,750ml,,107.0,$149.99 ,lock stock and barrel 16 straight rye
326,STRAIGHT RYE WHISKEY,11020,Lot 40,750ml,,86.0,$44.99 ,lot 40
327,STRAIGHT RYE WHISKEY,27062,Michter's Limited Release Single Barrel 10 Yr Rye,750ml,10YR,92.8,$131.19 ,michter limited release single barrel 10 rye
328,STRAIGHT RYE WHISKEY,27063,Michter's Us 1 Single Barrel Straight Rye,750ml,,84.8,$41.99 ,michter us*1
329,STRAIGHT RYE WHISKEY,27147,Michter's Us-1 Barrel Strength Rye Whiskey,750ml,,108.0,$77.49 ,michter barrel strength rye
330,STRAIGHT RYE WHISKEY,27066,Old Overholt,750ml,3YR,80.0,$22.99 ,old overholt rye
331,STRAIGHT RYE WHISKEY,27526,Old Potrero 18th Century Single Malt Staight Rye,750ml,,102.4,$72.89 ,old potrero 18th century single malt staight rye
332,STRAIGHT RYE WHISKEY,27114,Pikesville Rye 110 Proof,750ml,6YR,110.0,$49.99 ,pikesville rye 110 proof
333,STRAIGHT RYE WHISKEY,27009,Rabble Rouser Straight Rye (distillery Only),750ml,,100.0,$61.59 ,rabble rouser straight rye (distillery only)
334,STRAIGHT RYE WHISKEY,27098,Rebel Yell Small Batch Rye,750ml,,90.0,$29.99 ,rebel yell small batch rye
335,STRAIGHT RYE WHISKEY,27079,Redemption Rye,750ml,,92.0,$29.99 ,redemption rye
336,STRAIGHT RYE WHISKEY,27124,Russell's Reserve Single Barrel Rye,750ml,,104.0,$64.99 ,russell reserve single barrel rye
337,STRAIGHT RYE WHISKEY,27162,Sagamore Spirit Rye Whiskey,750ml,,83.0,$44.99 ,sagamore spirit rye
338,STRAIGHT RYE WHISKEY,27100,Sazerac Rye 6 Yr,750ml,,90.0,$29.99 ,sazerac rye 6
339,STRAIGHT RYE WHISKEY,27102,Templeton Rye Whiskey,750ml,4YR,80.0,$42.99 ,templeton rye
340,STRAIGHT RYE WHISKEY,27143,Virgil Kaine Robber Baron Rye Whiskey,750ml,,91.0,$37.99 ,virgil kaine robber baron rye
341,STRAIGHT RYE WHISKEY,15180,Whistle Pig Straight Rye Whiskey,750ml,,100.0,$79.99 ,whistle pig straight rye
342,STRAIGHT RYE WHISKEY,27145,Whistlepig 12 Year Old World Straight Rye Whiskey,750ml,12YR,86.0,$129.99 ,whistlepig 12 old world straight rye
343,STRAIGHT RYE WHISKEY,15320,Whistlepig Straight Rye Whiskey 15 Year,750ml,,92.0,$199.99 ,whistlepig straight rye 15
344,STRAIGHT RYE WHISKEY,27126,Wild Turkey Russell's Reserve Rye,750ml,6YR,90.0,$44.99 ,russell reserve rye 6
345,STRAIGHT RYE WHISKEY,27120,Wild Turkey Rye 81,750ml,,81.0,$25.99 ,wild turkey rye 81
346,STRAIGHT RYE WHISKEY,27130,Woodford Reserve Rye,750ml,,90.4,$36.99 ,woodford reserve rye
411,BLENDED WHISKEY,22607,Aristocrat Whiskey,1L,,80.0,$9.69 ,aristocrat
412,BLENDED WHISKEY,22608,Aristocrat Whiskey,1.75L,,80.0,$13.99 ,aristocrat
413,BLENDED WHISKEY,22787,Beam's 8 Star,1L,,80.0,$9.75 ,beam 8 star
414,BLENDED WHISKEY,22788,Beam's Eight Star Whiskey,1.75L,,80.0,$15.99 ,beam eight star
415,BLENDED WHISKEY,23268,Calvert Extra Whiskey,1.75L,,70.0,$17.49 ,calvert extra
416,BLENDED WHISKEY,23308,Carstairs White Seal Whiskey,1.75L,4YR,80.0,$11.99 ,carstairs white seal
417,BLENDED WHISKEY,23612,Filibuster Boondoggler,750ml,,90.0,$44.79 ,filibuster boondoggler
418,BLENDED WHISKEY,23708,Fleischmann's Preferred Whiskey,1.75L,,80.0,$12.99 ,fleischmann preferred
419,BLENDED WHISKEY,24068,Haller's Reserve Whiskey,1.75L,,80.0,$14.99 ,haller reserve
420,BLENDED WHISKEY,24248,Imperial Whiskey,1.75L,,80.0,$11.99 ,imperial
421,BLENDED WHISKEY,19307,Kentucky Gentleman Whiskey (bourbon & Blend),1L,,80.0,$10.59 ,kentucky gentleman ( & blend)
422,BLENDED WHISKEY,19306,Kentucky Gentleman Whiskey (bourbon & Blend),750ml,,80.0,$8.99 ,kentucky gentleman ( & blend)
423,BLENDED WHISKEY,19304,Kentucky Gentleman Whiskey (bourbon & Blend),375ml,,80.0,$5.99 ,kentucky gentleman ( & blend)
424,BLENDED WHISKEY,19308,Kentucky Gentleman Whiskey (bourbon & Blend),1.75L,,80.0,$17.99 ,kentucky gentleman ( & blend)
425,BLENDED WHISKEY,24458,Kessler Whiskey,1.75L,,80.0,$16.99 ,kessler
426,BLENDED WHISKEY,100067,Lord Calvert Canadian Ducks Unlimited Decanter,750ml,,80.0,$99.99 ,lord calvert canadian ducks unlimited decanter
427,BLENDED WHISKEY,25197,Paul Jones Whiskey,1L,,80.0,$9.69 ,paul jones
428,BLENDED WHISKEY,25194,Paul Jones Whiskey,375ml,,80.0,$4.49 ,paul jones
429,BLENDED WHISKEY,25196,Paul Jones Whiskey,750ml,,80.0,$7.99 ,paul jones
430,BLENDED WHISKEY,25198,Paul Jones Whiskey,1.75L,,80.0,$15.49 ,paul jones
431,BLENDED WHISKEY,25206,Paul Jones Whiskey,750ml,,86.0,$7.80 ,paul jones
432,BLENDED WHISKEY,25603,Seagram's 7 Crown Whiskey,200ml,,80.0,$4.99 ,seagram seven crown
433,BLENDED WHISKEY,25604,Seagram's 7 Crown Whiskey,375ml,,80.0,$8.49 ,seagram seven crown
434,BLENDED WHISKEY,25606,Seagram's 7 Crown Whiskey,750ml,,80.0,$15.99 ,seagram seven crown
435,BLENDED WHISKEY,25607,Seagram's 7 Crown Whiskey,1L,,80.0,$19.99 ,seagram seven crown
436,BLENDED WHISKEY,25608,Seagram's 7 Crown Whiskey,1.75L,,80.0,$25.99 ,seagram seven crown
437,BLENDED WHISKEY,25616,Seagram's 7 Crown Whiskey (traveler),750ml,,80.0,$15.99 ,seagram seven crown (traveler)
438,BLENDED WHISKEY,25618,Seagram's 7 Crown Whiskey Limited Edition,750ml,,80.0,$16.49 ,seagram seven crown limited edition
439,BLENDED WHISKEY,25644,Senator's Club Whiskey,375ml,,86.0,$4.59 ,senator club
440,BLENDED WHISKEY,25646,Senator's Club Whiskey,750ml,,86.0,$7.89 ,senator club
441,BLENDED WHISKEY,25647,Senator's Club Whiskey,1L,,86.0,$9.69 ,senator club
442,BLENDED WHISKEY,25648,Senator's Club Whiskey,1.75L,,86.0,$15.79 ,senator club
443,BLENDED WHISKEY,25643,Senator's Club Whiskey,200ml,,86.0,$2.99 ,senator club
444,BLENDED WHISKEY,25636,Senator's Club Whiskey (plastic),750ml,,86.0,$7.89 ,senator club (plastic)
445,BLENDED WHISKEY,22096,Wild Turkey Forgiven Whiskey,750ml,,91.0,$54.99 ,wild turkey forgiven
446,WHISKEY,27861,Balcones 1 Texas Single Malt,750ml,,106.0,$79.99 ,balcones 1 texas single malt
447,WHISKEY,27901,Bare Knuckle American Wheat Whiskey,750ml,,90.0,$35.99 ,bare knuckle american wheat
448,WHISKEY,27666,Bernheim Original Wheat Whiskey,750ml,,90.0,$26.99 ,bernheim original wheat
449,WHISKEY,17510,Clyde May's Whiskey,750ml,,85.0,$32.99 ,clyde may
450,WHISKEY,27482,Corsair Triple Smoke Small Batch Rum,750ml,,80.0,$53.99 ,corsair triple smoke small batch rum
451,WHISKEY,27446,Defiant Whisky,750ml,,82.0,$38.99 ,defiant
452,WHISKEY,17830,Early Times PET,1.75L,,80.0,$21.99 ,early times pet
453,WHISKEY,17816,Early Times Whiskey,750ml,,80.0,$11.99 ,early times
454,WHISKEY,17821,Early Times Whiskey,50ml,,80.0,$1.39 ,early times
455,WHISKEY,17823,Early Times Whiskey,200ml,,80.0,$3.99 ,early times
456,WHISKEY,17824,Early Times Whiskey,375ml,,80.0,$6.49 ,early times
457,WHISKEY,17826,Early Times Whiskey,750ml,,80.0,$11.99 ,early times
458,WHISKEY,17827,Early Times Whiskey,1L,,80.0,$15.49 ,early times
459,WHISKEY,27500,Kopper Kettle Whiskey,750ml,3YR,86.0,$33.99 ,kopper kettle
460,WHISKEY,27601,Michter's US1 Sour Mash,750ml,,86.0,$41.99 ,michter sour mash
461,WHISKEY,27768,Murlarkey Clemoncy Whiskey,750ml,,80.0,$29.99 ,murlarkey clemoncy
462,WHISKEY,27542,Rogue Dead Guy Whiskey,750ml,,80.0,$45.10 ,rogue dead guy
463,WHISKEY,27853,Tim Smith's Climax 'Wood Fired' Whiskey,750ml,,90.0,$34.99 ,tim smith climax 'wood fired'
464,WHISKEY,27605,Tin Cup Whiskey,750ml,,84.0,$32.99 ,tin cup
465,WHISKEY,27904,Virginia Black,750ml,,80.0,$34.99 ,virginia black
466,WHISKEY,27600,Wasmund's Single Malt,750ml,,96.0,$44.99 ,wasmund single malt
467,WHISKEY,27940,Westland American Single Malt Whiskey,750ml,,92.0,$74.99 ,westland american single malt
468,FLAVORED WHISKEY,27698,Bird Dog Apple Bourbon,750ml,,80.0,$18.99 ,bird dog apple
469,FLAVORED WHISKEY,27692,Bird Dog Apple Bourbon,50ml,,80.0,$1.19 ,bird dog apple
470,FLAVORED WHISKEY,145,Bird Dog Blackberry W/ Tervis Glass,750ml,,80.0,$18.99 ,bird dog blackberry w/ tervis glass
471,FLAVORED WHISKEY,27475,Bird Dog Blackberry Whiskey,750ml,,80.0,$18.99 ,bird dog blackberry
472,FLAVORED WHISKEY,27708,Bird Dog Chocolate Whiskey,750ml,,80.0,$18.99 ,bird dog chocolate
473,FLAVORED WHISKEY,27699,Bird Dog Chocolate Whiskey,50ml,,80.0,$1.19 ,bird dog chocolate
474,FLAVORED WHISKEY,27420,Bird Dog Cinnamon Whiskey,50ml,,80.0,$1.19 ,bird dog cinnamon
475,FLAVORED WHISKEY,27426,Bird Dog Hot Cinnamon Flavored Whiskey,750ml,,80.0,$18.99 ,bird dog hot cinnamon flavored
476,FLAVORED WHISKEY,27807,Bird Dog Jalapeno Honey Flavored Whiskey,50ml,,80.0,$1.19 ,bird dog jalapeno honey flavored
477,FLAVORED WHISKEY,27815,Bird Dog Jalapeno Honey Whiskey,750ml,,80.0,$18.99 ,bird dog jalapeno honey
478,FLAVORED WHISKEY,27418,Bird Dog Maple Flavored Whiskey,750ml,,80.0,$18.99 ,bird dog maple flavored
479,FLAVORED WHISKEY,27412,Bird Dog Maple Whiskey,50ml,,80.0,$1.19 ,bird dog maple
480,FLAVORED WHISKEY,27434,Bird Dog Peach Whiskey,750ml,,80.0,$18.99 ,bird dog peach
481,FLAVORED WHISKEY,27891,Bird Dog Ruby Red Grapefruit Flavored Whiskey,50ml,,80.0,$1.19 ,bird dog ruby red grapefruit flavored
482,FLAVORED WHISKEY,27899,Bird Dog Ruby Red Grapefruit Flavored Whiskey,750ml,,80.0,$18.99 ,bird dog ruby red grapefruit flavored
483,FLAVORED WHISKEY,10553,Black Velvet Cinnamon Rush Flavored Whiskey,750ml,,70.0,$12.90 ,black velvet cinnamon rush flavored
484,FLAVORED WHISKEY,10550,Black Velvet Toasted Caramel Whiskey,750ml,,70.0,$12.99 ,black velvet toasted caramel
485,FLAVORED WHISKEY,77297,Blackback Honey Rye Whiskey,750ml,,70.0,$38.89 ,blackback honey rye
486,FLAVORED WHISKEY,64581,Bushmills Irish Honey,750ml,,70.0,$19.99 ,bushmills irish honey
487,FLAVORED WHISKEY,10582,Cabin Fever Maple Flavored Whiskey,750ml,,80.0,$19.95 ,cabin fever maple flavored
488,FLAVORED WHISKEY,10580,Cabin Fever Maple Whiskey,50ml,,80.0,$1.49 ,cabin fever maple
489,FLAVORED WHISKEY,75873,Canadian Mist Maple Mist Flavored Whiskey,750ml,,70.0,$10.90 ,canadian mist maple mist flavored
490,FLAVORED WHISKEY,27384,Chicken Cock Cherry Bounce Whiskey,750ml,,70.0,$18.99 ,chicken cock cherry bounce
491,FLAVORED WHISKEY,27454,Cinerator Hot Cinnamon Whiskey,750ml,,91.1,$15.99 ,cinerator hot cinnamon
492,FLAVORED WHISKEY,828,Cinerator Hot Cinnamon Whiskey,50ml,,91.1,$1.09 ,cinerator hot cinnamon
493,FLAVORED WHISKEY,86626,Cold Spell Mint Whiskey,750ml,,70.0,$14.99 ,cold spell mint
494,FLAVORED WHISKEY,27438,Coldcock American Herbal Whiskey,750ml,,70.0,$22.99 ,coldcock american herbal
495,FLAVORED WHISKEY,10797,Crown Royal Honey Whiskey,750ml,,70.0,$28.99 ,crown royal honey
496,FLAVORED WHISKEY,10794,Crown Royal Honey Whiskey,50ml,,70.0,$2.99 ,crown royal honey
497,FLAVORED WHISKEY,10818,Crown Royal Maple Flavored Whiskey,750ml,,80.0,$28.99 ,crown royal maple flavored
498,FLAVORED WHISKEY,10809,Crown Royal Regal Apple Whiskey,1.75L,,70.0,$58.99 ,crown royal regal apple
499,FLAVORED WHISKEY,10805,Crown Royal Regal Apple Whiskey,375ml,,35.0,$17.99 ,crown royal regal apple
500,FLAVORED WHISKEY,10807,Crown Royal Regal Apple Whiskey,750ml,,70.0,$28.99 ,crown royal regal apple
501,FLAVORED WHISKEY,10803,Crown Royal Regal Apple Whiskey,50ml,,70.0,$2.99 ,crown royal regal apple
502,FLAVORED WHISKEY,10791,Crown Royal Vanilla,750ml,,70.0,$28.99 ,crown royal vanilla
503,FLAVORED WHISKEY,10788,Crown Royal Vanilla,50ml,,70.0,$2.99 ,crown royal vanilla
504,FLAVORED WHISKEY,10790,Crown Royal Vanilla,375ml,,70.0,$17.99 ,crown royal vanilla
505,FLAVORED WHISKEY,64888,Dewar's Highlander Honey,750ml,,80.0,$27.99 ,dewar highlander honey
506,FLAVORED WHISKEY,64887,Dewar's Highlander Honey Scotch,50ml,,80.0,$2.29 ,dewar highlander honey
507,FLAVORED WHISKEY,73695,Early Times Fire Eater Cinnamon Flavored Whiskey,750ml,,66.0,$15.90 ,early times fire eater cinnamon flavored
508,FLAVORED WHISKEY,73694,Early Times Fire Eater Cinnamon Whiskey,50ml,,66.0,$1.19 ,early times fire eater cinnamon
509,FLAVORED WHISKEY,73715,Evan Williams Cherry Whiskey,750ml,,70.0,$14.49 ,evan williams cherry
510,FLAVORED WHISKEY,73721,Evan Williams Fire Bourbon,750ml,,70.0,$14.49 ,evan williams fire
511,FLAVORED WHISKEY,73713,Evan Williams Honey Whiskey,375ml,,70.0,$7.99 ,evan williams honey
512,FLAVORED WHISKEY,73702,Evan Williams Honey Whiskey,750ml,,70.0,$14.49 ,evan williams honey
513,FLAVORED WHISKEY,73711,Evan Williams Honey Whiskey,1.75L,,70.0,$24.99 ,evan williams honey
514,FLAVORED WHISKEY,73729,Evan Williams Kentucky Cider,750ml,,34.0,$8.49 ,evan williams kentucky cider
515,FLAVORED WHISKEY,73748,Evan Williams Peach Bourbon,750ml,,70.0,$14.49 ,evan williams peach
516,FLAVORED WHISKEY,64865,Fireball Cinnamon Whisky,750ml,,66.0,$17.99 ,fireball cinnamon
517,FLAVORED WHISKEY,64867,Fireball Cinnamon Whisky,1L,,66.0,$20.99 ,fireball cinnamon
518,FLAVORED WHISKEY,64861,Fireball Cinnamon Whisky,50ml,,66.0,$0.99 ,fireball cinnamon
519,FLAVORED WHISKEY,64866,Fireball Cinnamon Whisky,750ml,,66.0,$17.99 ,fireball cinnamon
520,FLAVORED WHISKEY,64864,Fireball Cinnamon Whisky,375ml,,66.0,$8.99 ,fireball cinnamon
521,FLAVORED WHISKEY,64868,Fireball Cinnamon Whisky,1.75L,,66.0,$32.99 ,fireball cinnamon
522,FLAVORED WHISKEY,100015,Fireball Cinnamon Whisky,3.5L,,66.0,$59.99 ,fireball cinnamon
523,FLAVORED WHISKEY,86673,Jack Daniel's Honey Tennessee Whiskey,1.75L,,70.0,$52.99 ,jack daniel honey
524,FLAVORED WHISKEY,86670,Jack Daniel's Honey Tennessee Whiskey,750ml,,70.0,$24.99 ,jack daniel honey
525,FLAVORED WHISKEY,86669,Jack Daniel's Honey Tennessee Whiskey,375ml,,70.0,$12.99 ,jack daniel honey
526,FLAVORED WHISKEY,86672,Jack Daniel's Honey Tennessee Whiskey,1L,,70.0,$32.99 ,jack daniel honey
527,FLAVORED WHISKEY,86694,Jack Daniel's Tennessee Fire,1.75L,,70.0,$45.99 ,jack daniel fire
528,FLAVORED WHISKEY,86698,Jack Daniel's Tennessee Fire,375ml,,70.0,$12.99 ,jack daniel fire
529,FLAVORED WHISKEY,86692,Jack Daniel's Tennessee Fire,750ml,,70.0,$24.99 ,jack daniel fire
530,FLAVORED WHISKEY,86691,Jack Daniel's Tennessee Fire,50ml,,70.0,$2.29 ,jack daniel fire
531,FLAVORED WHISKEY,86707,Jeremiah Weed Sarsaparilla,750ml,,70.4,$17.99 ,jeremiah weed sarsaparilla
532,FLAVORED WHISKEY,27785,Jim Beam Apple,1.75L,,70.0,$29.99 ,jim beam apple
533,FLAVORED WHISKEY,27780,Jim Beam Apple Bourbon,50ml,,70.0,$1.49 ,jim beam apple
534,FLAVORED WHISKEY,27783,Jim Beam Apple Bourbon,750ml,,70.0,$17.49 ,jim beam apple
535,FLAVORED WHISKEY,100075,Jim Beam Flavor Pack,1.13L,,70.0,$26.29 ,jim beam flavor pack
536,FLAVORED WHISKEY,27410,Jim Beam Honey Bourbon,750ml,,70.0,$17.49 ,jim beam honey
537,FLAVORED WHISKEY,27408,Jim Beam Honey Bourbon,50ml,,70.0,$1.49 ,jim beam honey
538,FLAVORED WHISKEY,27409,Jim Beam Honey Bourbon,375ml,,70.0,$9.99 ,jim beam honey
539,FLAVORED WHISKEY,27403,Jim Beam Honey Bourbon,1.75L,,70.0,$32.99 ,jim beam honey
540,FLAVORED WHISKEY,27682,Jim Beam Kentucky Fire Bourbon,750ml,,70.0,$17.49 ,jim beam kentucky fire
541,FLAVORED WHISKEY,27685,Jim Beam Kentucky Fire Bourbon,1.75L,,70.0,$27.99 ,jim beam kentucky fire
542,FLAVORED WHISKEY,27680,Jim Beam Kentucky Fire Bourbon,50ml,,70.0,$1.49 ,jim beam kentucky fire
543,FLAVORED WHISKEY,27392,Jim Beam Maple Bourbon,750ml,,70.0,$17.49 ,jim beam maple
544,FLAVORED WHISKEY,27390,Jim Beam Maple Bourbon,50ml,,70.0,$1.69 ,jim beam maple
545,FLAVORED WHISKEY,27604,Knob Creek Smoked Maple Bourbon,750ml,,90.0,$36.99 ,knob creek smoked maple
546,FLAVORED WHISKEY,86631,Kopper Kettle Apple Whiskey,750ml,,80.0,$24.99 ,kopper kettle apple
547,FLAVORED WHISKEY,27709,Leopold Bros. New York Apple Whiskey,750ml,,80.0,$39.99 ,leopold bros. new york apple
548,FLAVORED WHISKEY,86821,Old Camp Peach Pecan Whiskey,750ml,,70.0,$19.99 ,old camp peach pecan
549,FLAVORED WHISKEY,62809,Old Forester Mint Julep,1L,,60.0,$21.99 ,old forester mint julep
550,FLAVORED WHISKEY,86777,Pennington's Strawberry Rye Whiskey,750ml,,70.0,$22.99 ,pennington strawberry rye
551,FLAVORED WHISKEY,86795,Pennington's Vanilla Rye,750ml,,70.0,$22.99 ,pennington vanilla rye
552,FLAVORED WHISKEY,86832,Rebel Yell Ginger,750ml,,70.0,$15.99 ,rebel yell ginger
553,FLAVORED WHISKEY,86834,Rebel Yell Root Beer,750ml,,70.0,$15.99 ,rebel yell root beer
554,FLAVORED WHISKEY,27544,Red Stag,750ml,,70.0,$17.49 ,jim beam red stag
555,FLAVORED WHISKEY,27543,Red Stag,50ml,,80.0,$1.49 ,jim beam red stag
556,FLAVORED WHISKEY,27545,Red Stag,1L,4YR,70.0,$20.99 ,jim beam red stag
557,FLAVORED WHISKEY,27551,Red Stag,1.75L,4YR,80.0,$32.99 ,jim beam red stag
558,FLAVORED WHISKEY,27406,Red Stag Hardcore Cider,750ml,,80.0,$17.49 ,jim beam red stag hardcore cider
559,FLAVORED WHISKEY,27404,Red Stag Hardcore Cider,50ml,,80.0,$1.69 ,jim beam red stag hardcore cider
560,FLAVORED WHISKEY,27577,Red Stag Honey Tea,750ml,,80.0,$16.90 ,jim beam red stag honey tea
561,FLAVORED WHISKEY,27582,Red Stag Spiced with Cinnamon,750ml,,80.0,$16.99 ,jim beam red stag spiced with cinnamon
562,FLAVORED WHISKEY,27549,Red Stag Whiskey (plastic),375ml,4YR,70.0,$9.99 ,jim beam red stag (plastic)
563,FLAVORED WHISKEY,14481,Revel Stoke Pumpkin Spiced Flavored Whisky,750ml,,70.0,$16.99 ,revel stoke pumpkin spiced flavored
564,FLAVORED WHISKEY,14474,Revel Stoke Roasted Pecan,750ml,,70.0,$16.99 ,revel stoke roasted pecan
565,FLAVORED WHISKEY,14487,Revel Stoke Roasted Pineapple,750ml,,70.0,$16.99 ,revel stoke roasted pineapple
566,FLAVORED WHISKEY,27554,Seagram's 7 Crown Dark Honey,750ml,,71.0,$15.99 ,seagram seven crown dark honey
567,FLAVORED WHISKEY,27555,Seagram's 7 Crown Dark Honey,1L,,71.0,$19.99 ,seagram seven crown dark honey
568,FLAVORED WHISKEY,27751,Seagram's Orchard Apple,750ml,,71.0,$15.99 ,seagram orchard apple
569,FLAVORED WHISKEY,11371,Serpent's Bite Apple Cider Flavored Whisky,750ml,,70.0,$15.99 ,serpent bite apple cider flavored
570,FLAVORED WHISKEY,11370,Serpent's Bite Apple Cider Flavored Whisky,50ml,,70.0,$1.69 ,serpent bite apple cider flavored
571,FLAVORED WHISKEY,86805,Southern Comfort Black Cherry,50ml,,70.0,$1.90 ,southern comfort black cherry
572,FLAVORED WHISKEY,86803,Southern Comfort Caramel,1L,,55.0,$19.99 ,southern comfort caramel
573,FLAVORED WHISKEY,86800,Southern Comfort Caramel,50ml,,55.0,$1.99 ,southern comfort caramel
574,FLAVORED WHISKEY,86881,Southern Comfort Whiskey,50ml,,70.0,$0.99 ,southern comfort
575,FLAVORED WHISKEY,86883,Southern Comfort Whiskey,200ml,,70.0,$5.49 ,southern comfort
576,FLAVORED WHISKEY,86884,Southern Comfort Whiskey,375ml,,70.0,$8.99 ,southern comfort
577,FLAVORED WHISKEY,86886,Southern Comfort Whiskey,750ml,,70.0,$16.99 ,southern comfort
578,FLAVORED WHISKEY,86887,Southern Comfort Whiskey,1L,,70.0,$21.99 ,southern comfort
579,FLAVORED WHISKEY,86888,Southern Comfort Whiskey,1.75L,,70.0,$29.99 ,southern comfort
580,FLAVORED WHISKEY,86885,Southern Comfort Whiskey (plastic),750ml,,70.0,$16.99 ,southern comfort (plastic)
581,FLAVORED WHISKEY,86914,Southern Comfort Whiskey 100 Proof,375ml,,100.0,$12.49 ,southern comfort 100 proof
582,FLAVORED WHISKEY,86916,Southern Comfort Whiskey 100 Proof,750ml,,100.0,$19.99 ,southern comfort 100 proof
583,FLAVORED WHISKEY,86918,Southern Comfort Whiskey 100 Proof,1.75L,,100.0,$34.99 ,southern comfort 100 proof
584,FLAVORED WHISKEY,15886,The Knot Liqueur,750ml,,100.0,$24.99 ,knot liqueur
585,FLAVORED WHISKEY,77966,Virgil Kaine Ginger Infused Bourbon,750ml,,80.0,$34.99 ,virgil kaine ginger infused
586,FLAVORED WHISKEY,77776,Wild Turkey American Honey,750ml,,71.0,$24.99 ,wild turkey american honey
587,FLAVORED WHISKEY,77777,Wild Turkey American Honey,375ml,,71.0,$14.99 ,wild turkey american honey
588,FLAVORED WHISKEY,77774,Wild Turkey American Honey,1L,,71.0,$29.99 ,wild turkey american honey
589,FLAVORED WHISKEY,77771,Wild Turkey American Honey,50ml,,71.0,$1.99 ,wild turkey american honey
590,FLAVORED WHISKEY,77779,Wild Turkey American Honey,1.75L,,71.0,$49.99 ,wild turkey american honey
591,FLAVORED WHISKEY,77767,Wild Turkey American Honey Sting,50ml,,71.0,$1.99 ,wild turkey american honey sting
592,FLAVORED WHISKEY,77768,Wild Turkey American Honey Sting,750ml,,71.0,$24.99 ,wild turkey american honey sting
593,FLAVORED WHISKEY,86922,Wild Turkey Spiced,50ml,,86.0,$1.89 ,wild turkey spiced
594,FLAVORED WHISKEY,86923,Wild Turkey Spiced,750ml,,86.0,$23.10 ,wild turkey spiced
595,FLAVORED WHISKEY,67266,Yukon Jack,750ml,,100.0,$26.99 ,yukon jack
596,FLAVORED WHISKEY,67273,Yukon Jack Jacapple,750ml,,70.0,$17.99 ,yukon jack jacapple
597,FLAVORED WHISKEY,67272,Yukon Jack Jacapple,50ml,,70.0,$1.95 ,yukon jack jacapple
598,FLAVORED WHISKEY,67275,Yukon Jack Wicked Hot,750ml,,70.0,$17.90 ,yukon jack wicked hot
698,CANADIAN WHISKY,11773,Black Velvet,200ml,,80.0,$2.99 ,black velvet
699,CANADIAN WHISKY,11774,Black Velvet,375ml,,80.0,$5.59 ,black velvet
700,CANADIAN WHISKY,11776,Black Velvet,750ml,,80.0,$9.99 ,black velvet
701,CANADIAN WHISKY,11777,Black Velvet,1L,,80.0,$12.99 ,black velvet
702,CANADIAN WHISKY,11786,Black Velvet Portable,750ml,,80.0,$9.99 ,black velvet portable
703,CANADIAN WHISKY,11788,Black Velvet Portable,1.75L,,80.0,$19.99 ,black velvet portable
704,CANADIAN WHISKY,11959,Canada House Whisky,1.75L,3YR,80.0,$16.49 ,canada house
705,CANADIAN WHISKY,10846,Canadian Club Classic Small Batch Whisky,750ml,,80.0,$23.99 ,canadian club classic small batch
706,CANADIAN WHISKY,10632,Canadian Club Reserve Triple Aged Whisky,750ml,9YR,80.0,$19.49 ,canadian club reserve triple aged
707,CANADIAN WHISKY,10624,Canadian Club Whisky,375ml,5YR,80.0,$7.99 ,canadian club
708,CANADIAN WHISKY,10626,Canadian Club Whisky,750ml,5YR,80.0,$15.49 ,canadian club
709,CANADIAN WHISKY,10627,Canadian Club Whisky,1L,5YR,80.0,$19.99 ,canadian club
710,CANADIAN WHISKY,10628,Canadian Club Whisky,1.75L,5YR,80.0,$29.99 ,canadian club
711,CANADIAN WHISKY,12316,Canadian Hunter Traveler,750ml,,80.0,$8.99 ,canadian hunter traveler
712,CANADIAN WHISKY,12306,Canadian Hunter Whisky,750ml,,80.0,$8.99 ,canadian hunter
713,CANADIAN WHISKY,12308,Canadian Hunter Whisky,1.75L,,80.0,$18.99 ,canadian hunter
714,CANADIAN WHISKY,12307,Canadian Hunter Whisky,1L,,80.0,$9.99 ,canadian hunter
715,CANADIAN WHISKY,12404,Canadian Limited,375ml,,80.0,$4.99 ,canadian limited
716,CANADIAN WHISKY,12406,Canadian Limited,750ml,,80.0,$8.90 ,canadian limited
717,CANADIAN WHISKY,12407,Canadian Limited Whisky,1L,,80.0,$9.99 ,canadian limited
718,CANADIAN WHISKY,12408,Canadian Limited Whisky,1.75L,,80.0,$15.99 ,canadian limited
719,CANADIAN WHISKY,11058,Canadian Macnaughton Whisky,1.75L,,80.0,$19.99 ,canadian macnaughton
720,CANADIAN WHISKY,12478,Canadian Mist Easy Pour,1.75L,,80.0,$19.99 ,canadian mist easy pour
721,CANADIAN WHISKY,12461,Canadian Mist Whisky,50ml,,80.0,$1.39 ,canadian mist
722,CANADIAN WHISKY,12463,Canadian Mist Whisky,200ml,,80.0,$2.99 ,canadian mist
723,CANADIAN WHISKY,12464,Canadian Mist Whisky,375ml,,80.0,$5.99 ,canadian mist
724,CANADIAN WHISKY,12466,Canadian Mist Whisky,750ml,,80.0,$10.99 ,canadian mist
725,CANADIAN WHISKY,12467,Canadian Mist Whisky,1L,,80.0,$14.99 ,canadian mist
726,CANADIAN WHISKY,12476,Canadian Mist Whisky,750ml,,80.0,$10.99 ,canadian mist
727,CANADIAN WHISKY,10837,Crown Royal Black Whiskey,1L,,90.0,$38.99 ,crown royal black
728,CANADIAN WHISKY,10836,Crown Royal Black Whiskey,750ml,,90.0,$32.99 ,crown royal black
729,CANADIAN WHISKY,10831,Crown Royal Black Whiskey,50ml,,90.0,$2.99 ,crown royal black
730,CANADIAN WHISKY,10834,Crown Royal Black Whiskey,375ml,,90.0,$18.49 ,crown royal black
731,CANADIAN WHISKY,10838,Crown Royal Black Whiskey,1.75L,,90.0,$62.99 ,crown royal black
732,CANADIAN WHISKY,10839,Crown Royal Hand Selected Barrel,750ml,,103.0,$54.99 ,crown royal hand selected barrel
733,CANADIAN WHISKY,10812,Crown Royal Monarch Whiskey 75th Anniversary,750ml,,80.0,$75.99 ,crown royal monarch 75th anniversary
734,CANADIAN WHISKY,10840,Crown Royal Noble Collection,750ml,,80.6,$59.99 ,crown royal noble collection
735,CANADIAN WHISKY,11361,Crown Royal Special Reserve,50ml,,80.0,$4.99 ,crown royal special reserve
736,CANADIAN WHISKY,11364,Crown Royal Special Reserve,375ml,,80.0,$27.99 ,crown royal special reserve
737,CANADIAN WHISKY,11366,Crown Royal Special Reserve,750ml,,80.0,$46.99 ,crown royal special reserve
738,CANADIAN WHISKY,11368,Crown Royal Special Reserve,1.75L,,80.0,$99.99 ,crown royal special reserve
739,CANADIAN WHISKY,11290,Crown Royal Whiskey,50ml,,80.0,$2.99 ,crown royal
740,CANADIAN WHISKY,11294,Crown Royal Whiskey,375ml,,80.0,$17.99 ,crown royal
741,CANADIAN WHISKY,11296,Crown Royal Whiskey,750ml,,80.0,$28.99 ,crown royal
742,CANADIAN WHISKY,11297,Crown Royal Whiskey,1L,,80.0,$35.99 ,crown royal
743,CANADIAN WHISKY,11298,Crown Royal Whiskey,1.75L,,80.0,$58.99 ,crown royal
744,CANADIAN WHISKY,11299,Crown Royal Whiskey,200ml,,80.0,$9.49 ,crown royal
745,CANADIAN WHISKY,11295,Crown Royal Whisky (plastic),375ml,,80.0,$17.69 ,crown royal (plastic)
746,CANADIAN WHISKY,10826,Crown Royal XO,750ml,,80.0,$49.99 ,crown royal xo
747,CANADIAN WHISKY,11285,Crown Royal XR,750ml,,80.0,$132.99 ,crown royal xr
748,CANADIAN WHISKY,10890,Forty Creek Barrel Select Whiskey,750ml,,80.0,$19.99 ,forty creek barrel select
749,CANADIAN WHISKY,13248,Harwood Canadian Whisky,1.75L,,80.0,$17.69 ,harwood canadian
750,CANADIAN WHISKY,13638,Lord Calvert Whisky,1.75L,3YR,80.0,$20.99 ,lord calvert
751,CANADIAN WHISKY,14192,Pendleton Canadian,750ml,,80.0,$25.49 ,pendleton canadian
752,CANADIAN WHISKY,14204,Pendleton Limited Edition-wnp15,750ml,,80.0,$25.49 ,pendleton limited edition-wnp15
753,CANADIAN WHISKY,12858,Rich & Rare Reserve Canadian,1.75L,,80.0,$24.99 ,rich & rare reserve canadian
754,CANADIAN WHISKY,12886,Rich & Rare Whisky,750ml,,80.0,$8.99 ,rich & rare
755,CANADIAN WHISKY,12880,Rich & Rare Whisky,375ml,,80.0,$4.99 ,rich & rare
756,CANADIAN WHISKY,12888,Rich & Rare Whisky,1.75L,,80.0,$17.99 ,rich & rare
757,CANADIAN WHISKY,11344,Seagram's VO,375ml,6YR,80.0,$8.99 ,seagram vo
758,CANADIAN WHISKY,11346,Seagram's VO,750ml,6YR,80.0,$16.99 ,seagram vo
759,CANADIAN WHISKY,11347,Seagram's VO,1L,6YR,80.0,$21.99 ,seagram vo
760,CANADIAN WHISKY,11326,Seagram's VO Gold,750ml,,80.0,$19.99 ,seagram vo gold
761,CANADIAN WHISKY,11348,Seagram's VO Whisky (plastic),1.75L,6YR,80.0,$33.99 ,seagram vo (plastic)
762,CANADIAN WHISKY,15248,Windsor,1.75L,3YR,80.0,$17.99 ,windsor
1371,IRISH WHISKEY,15739,2 Gingers Irish Whiskey,750ml,,80.0,$17.99 ,2 gingers irish
1372,IRISH WHISKEY,15737,2 Gingers Irish Whiskey,50ml,,80.0,$2.49 ,2 gingers irish
1373,IRISH WHISKEY,15559,Bushmills 21 Year Single Malt Irish Whiskey,750ml,,80.0,$129.99 ,bushmills 21 single malt irish
1374,IRISH WHISKEY,15526,Bushmills Black Bush Irish Whiskey,750ml,,80.0,$29.99 ,bushmills black bush irish
1375,IRISH WHISKEY,15536,Bushmills Irish Whiskey,750ml,10YR,80.0,$44.99 ,bushmills irish
1376,IRISH WHISKEY,15560,Clontarf Classic Blend,750ml,,80.0,$21.99 ,clontarf classic blend
1377,IRISH WHISKEY,15643,Cooper's Croze,750ml,,86.0,$69.99 ,cooper croze
1378,IRISH WHISKEY,15604,Hell Cat Maggie Irish Whiskey,750ml,,80.0,$24.99 ,hell cat maggie irish
1379,IRISH WHISKEY,15617,Irishman Founders Reserve,750ml,,80.0,$29.99 ,irishman founders reserve
1380,IRISH WHISKEY,15616,Irishman Single Malt Whiskey,750ml,,80.0,$49.99 ,irishman single malt
1381,IRISH WHISKEY,15656,Jameson 12 Yr,750ml,,80.0,$69.99 ,jameson 12
1382,IRISH WHISKEY,15646,Jameson 18 Year Irish Whiskey,750ml,,80.0,$139.99 ,jameson 18 irish
1383,IRISH WHISKEY,15667,Jameson Black Barrel Irish Whiskey,750ml,,80.0,$34.99 ,jameson black barrel irish
1384,IRISH WHISKEY,15658,Jameson Caskmates Irish Whiskey,750ml,,80.0,$31.99 ,jameson caskmates irish
1385,IRISH WHISKEY,15621,Jameson Irish Whiskey,50ml,,80.0,$3.49 ,jameson irish
1386,IRISH WHISKEY,15626,Jameson Irish Whiskey,750ml,,80.0,$29.99 ,jameson irish
1387,IRISH WHISKEY,15627,Jameson Irish Whiskey,1L,,80.0,$34.99 ,jameson irish
1388,IRISH WHISKEY,15628,Jameson Irish Whiskey,1.75L,,80.0,$59.99 ,jameson irish
1389,IRISH WHISKEY,15644,Jameson Irish Whiskey,375ml,,80.0,$18.99 ,jameson irish
1390,IRISH WHISKEY,15686,Kilbeggan Irish Whiskey,750ml,,80.0,$25.99 ,kilbeggan irish
1391,IRISH WHISKEY,15675,Kinahan's 10 Yr Single Malt Irish Whiskey,750ml,,92.0,$68.99 ,kinahan 10 single malt irish
1392,IRISH WHISKEY,15693,Knappogue Castle 12 Yr,750ml,,80.0,$39.99 ,knappogue castle 12
1393,IRISH WHISKEY,15706,Midleton Rare,750ml,,80.0,$159.99 ,midleton rare
1394,IRISH WHISKEY,15777,Old Bushmills,1L,,80.0,$29.99 ,old bushmills
1395,IRISH WHISKEY,15778,Old Bushmills,1.75L,,80.0,$51.99 ,old bushmills
1396,IRISH WHISKEY,15776,Old Bushmills Tins,750ml,,80.0,$22.99 ,old bushmills tins
1397,IRISH WHISKEY,15818,Paddy Old Irish Whiskey,750ml,,80.0,$23.95 ,paddy old irish
1398,IRISH WHISKEY,15892,Pogues Irish Whiskey,750ml,,80.0,$39.99 ,pogues irish
1399,IRISH WHISKEY,15676,Power's,750ml,,80.0,$29.99 ,power
1400,IRISH WHISKEY,15856,Red Breast,750ml,,80.0,$61.99 ,red breast
1401,IRISH WHISKEY,15884,Teeling Small Batch Irish Whiskey,750ml,,92.0,$39.99 ,teeling small batch irish
1402,IRISH WHISKEY,15592,The Dubliner Irish Whiskey,750ml,3YR,80.0,$28.99 ,dubliner irish
1403,IRISH WHISKEY,15890,The Quiet Man Traditional Irish Whiskey,750ml,4YR,80.0,$50.99 ,quiet man traditional irish
1404,IRISH WHISKEY,15938,Tullamore Dew,1L,,80.0,$32.99 ,tullamore dew
1405,IRISH WHISKEY,15940,Tullamore Dew,750ml,,80.0,$29.99 ,tullamore dew
1406,IRISH WHISKEY,15915,Tullamore Dew 12 Irish,750ml,,80.0,$44.99 ,tullamore dew 12 irish
1407,IRISH WHISKEY,15908,Tullamore Dew Phoenix,750ml,,110.0,$59.99 ,tullamore dew phoenix
1408,IRISH WHISKEY,15930,Tyrconnell,750ml,,80.0,$34.90 ,tconnell
1409,IRISH WHISKEY,15937,West Cork 10 Yr Irish Whiskey,750ml,,80.0,$39.99 ,west cork 10 irish
1410,IRISH WHISKEY,15931,West Cork Barrel Proof Irish Whiskey,750ml,,124.0,$55.99 ,west cork barrel proof irish
1411,IRISH WHISKEY,15929,West Cork Black Reserve Irish Whiskey,750ml,,86.0,$39.99 ,west cork black reserve irish
1412,OTHER (IMPORTED) WHISKEY,15951,Bastille Hand Crafted 1789 Whiskey,750ml,,80.0,$39.99 ,bastille hand ed 1789
1413,OTHER (IMPORTED) WHISKEY,15958,Brenne Estate Cask Whisky,750ml,,100.0,$69.99 ,brenne estate cask
1414,OTHER (IMPORTED) WHISKEY,15960,Hibiki 12 Year,750ml,,86.0,$82.59 ,hibiki 12
1415,OTHER (IMPORTED) WHISKEY,15980,Hibiki Harmony Whiskey,750ml,,86.0,$64.99 ,hibiki harmony
1416,OTHER (IMPORTED) WHISKEY,15962,Nikka Coffey Grain Whisky,750ml,,90.0,$74.99 ,nikka coffey grain
1417,OTHER (IMPORTED) WHISKEY,15982,Suntory Toki Whiskey,750ml,,0.0,$39.99 ,suntory toki
1418,OTHER (IMPORTED) WHISKEY,10380,Virginia Highland Malt Whisky,750ml,,92.0,$57.49 ,virginia highland malt
1419,OTHER (IMPORTED) WHISKEY,15996,Yamazaki 12 Year Whisky,750ml,,86.0,$84.99 ,yamazaki 12
1766,SCOTCH WHISKY,4084,Aberlour 12 Year Single Malt Scotch,750ml,,86.0,$59.99 ,aberlour 12 single malt
1767,SCOTCH WHISKY,4085,Aberlour 16 Year Single Malt Scotch,750ml,,86.0,$84.99 ,aberlour 16 single malt
1768,SCOTCH WHISKY,4096,Ardbeg 10 Year Islay Single Malt Scotch,750ml,10YR,92.0,$53.99 ,ardbeg 10 islay single malt
1769,SCOTCH WHISKY,100002,Ardbeg 21-year Scotch,750ml,21YR,92.0,$499.99 ,ardbeg 21-
1770,SCOTCH WHISKY,747,Ardbeg Auriverdes Scotch,750ml,,99.8,$99.99 ,ardbeg auriverdes
1771,SCOTCH WHISKY,4090,Ardbeg Corryvreckan Scotch,750ml,,114.2,$84.99 ,ardbeg corryvreckan
1772,SCOTCH WHISKY,137,Ardbeg Dark Cove Committee Release,750ml,,110.0,$109.99 ,ardbeg dark cove committee release
1773,SCOTCH WHISKY,508,Ardbeg Perpetuum Scotch,750ml,,94.8,$99.99 ,ardbeg perpetuum
1774,SCOTCH WHISKY,286,Ardbeg Quadrant Scotch,750ml,,92.0,$52.99 ,ardbeg quadrant
1775,SCOTCH WHISKY,4122,Ardbeg Supernova Scotch,750ml,,120.2,$119.99 ,ardbeg supernova
1776,SCOTCH WHISKY,4111,Ardbeg Uigeadall Scotch,750ml,,93.0,$79.99 ,ardbeg uigeadall
1777,SCOTCH WHISKY,4092,Ardbog Scotch,750ml,,104.2,$96.99 ,ardbog
1778,SCOTCH WHISKY,4178,Auchentosahn American Oak Scotch,750ml,,80.0,$39.99 ,auchentosahn american oak
1779,SCOTCH WHISKY,4190,Auchentoshan Three Wood Scotch,750ml,,86.0,$69.99 ,auchentoshan three wood
1780,SCOTCH WHISKY,4226,Ballantine's Scotch,750ml,,80.0,$19.99 ,ballantine
1781,SCOTCH WHISKY,4372,Balvenie 12 Year Single Barrel Scotch,750ml,12YR,95.6,$89.99 ,balvenie 12 single barrel
1782,SCOTCH WHISKY,4367,Balvenie 14 Year Caribbean Cask Scotch,750ml,14YR,86.0,$74.99 ,balvenie 14 caribbean cask
1783,SCOTCH WHISKY,4374,Balvenie 15 Year Sherry Cask Scotch,750ml,15YR,47.8,$124.99 ,balvenie 15 sherry cask
1784,SCOTCH WHISKY,4356,Balvenie Doublewood 12 Year Scotch,750ml,12YR,86.0,$67.99 ,balvenie doublewood 12
1785,SCOTCH WHISKY,4357,Balvenie Doublewood 17 Year Scotch,750ml,17YR,43.0,$149.99 ,balvenie doublewood 17
1786,SCOTCH WHISKY,4381,Balvenie Portwood 21 Year Scotch,750ml,,86.0,$229.99 ,balvenie portwood 21
1787,SCOTCH WHISKY,4431,Benrinnes 21 Year Scotch,750ml,,113.8,$459.99 ,benrinnes 21
1788,SCOTCH WHISKY,6797,Bowman's Scotch,1L,3YR,80.0,$12.45 ,bowman
1789,SCOTCH WHISKY,6798,Bowman's Scotch,1.75L,3YR,80.0,$19.99 ,bowman
1790,SCOTCH WHISKY,4636,Bowmore 12 Year Single Malt Scotch,750ml,12YR,80.0,$51.99 ,bowmore 12 single malt
1791,SCOTCH WHISKY,4629,Bowmore 15 Year Single Malt Scotch,750ml,15YR,86.0,$75.99 ,bowmore 15 single malt
1792,SCOTCH WHISKY,4695,Bruichladdich Islay Barley Scotch,750ml,,100.0,$67.99 ,bruichladdich islay barley
1793,SCOTCH WHISKY,4626,Buchanan's Deluxe 12 Year Scotch,750ml,,80.0,$41.99 ,buchanan deluxe 12
1794,SCOTCH WHISKY,4628,Buchanan's Deluxe 12 Year Scotch,1.75L,,80.0,$85.99 ,buchanan deluxe 12
1795,SCOTCH WHISKY,4616,Buchanan's Deluxe 18 Year Scotch,750ml,,80.0,$74.99 ,buchanan deluxe 18
1796,SCOTCH WHISKY,4656,Bunnahabhain 12 Year Single Malt Scotch,750ml,,80.0,$69.99 ,bunnahabhain 12 single malt
1797,SCOTCH WHISKY,4657,Bunnahabhain Toiteach,750ml,,92.0,$79.99 ,bunnahabhain toiteach
1798,SCOTCH WHISKY,4788,Caol Ila 12 Year Scotch,750ml,,86.0,$65.99 ,caol ila 12
1799,SCOTCH WHISKY,4763,Caol Ila 15 Year Scotch,750ml,,120.8,$135.99 ,caol ila 15
1800,SCOTCH WHISKY,4764,Caol Ila 30 Year Scotch,750ml,,110.2,$799.99 ,caol ila 30
1801,SCOTCH WHISKY,4784,Caol Ila Distillers Edition Scotch,750ml,,86.0,$77.99 ,caol ila distillers edition
1802,SCOTCH WHISKY,4712,Chivas Regal,200ml,,80.0,$12.90 ,chivas regal
1803,SCOTCH WHISKY,4717,Chivas Regal 12 Year Scotch,1L,12YR,80.0,$49.99 ,chivas regal 12
1804,SCOTCH WHISKY,4725,Chivas Regal 12 Year Scotch,375ml,12YR,80.0,$21.99 ,chivas regal 12
1805,SCOTCH WHISKY,4711,Chivas Regal 12 Year Scotch,50ml,12YR,80.0,$3.19 ,chivas regal 12
1806,SCOTCH WHISKY,4716,Chivas Regal 12 Year Scotch,750ml,12YR,80.0,$37.99 ,chivas regal 12
1807,SCOTCH WHISKY,4723,Chivas Regal 18 Year Scotch,750ml,18YR,80.0,$79.99 ,chivas regal 18
1808,SCOTCH WHISKY,4755,Chivas Regal Extra,750ml,,80.0,$49.99 ,chivas regal extra
1809,SCOTCH WHISKY,4718,Chivas Regal Scotch,1.75L,12YR,80.0,$81.99 ,chivas regal
1810,SCOTCH WHISKY,160,Chivas Regal W/ 2 50ml's Extra & 18yr,750ml,,80.0,$36.99 ,chivas regal w/ 2 50ml extra & 18
1811,SCOTCH WHISKY,6997,Clan Macgregor Scotch,1L,,80.0,$12.99 ,clan macgregor
1812,SCOTCH WHISKY,6998,Clan Macgregor Scotch (plastic),1.75L,,80.0,$19.99 ,clan macgregor scotch (plastic)
1813,SCOTCH WHISKY,7088,Cluny Scotch,1.75L,,80.0,$22.79 ,cluny
1814,SCOTCH WHISKY,4766,Clynelish Select Reserve Scotch,750ml,,109.8,$919.99 ,clynelish select reserve
1815,SCOTCH WHISKY,4777,Cragganmore 25 Year Scotch,750ml,,102.8,$569.99 ,cragganmore 25
1816,SCOTCH WHISKY,4785,Cragganmore Distiller's Edition,750ml,,80.0,$77.99 ,cragganmore distiller edition
1817,SCOTCH WHISKY,4780,Cragganmore Single Malt Scotch,750ml,12YR,80.0,$64.99 ,cragganmore single malt
1818,SCOTCH WHISKY,4803,Cutty Sark Prohibition,50ml,,100.0,$1.90 ,cutty sark prohibition
1819,SCOTCH WHISKY,4800,Cutty Sark Prohibition,750ml,,100.0,$29.99 ,cutty sark prohibition
1820,SCOTCH WHISKY,4796,Cutty Sark Scotch,750ml,,80.0,$19.99 ,cutty sark
1821,SCOTCH WHISKY,4797,Cutty Sark Scotch,1L,,80.0,$24.99 ,cutty sark
1822,SCOTCH WHISKY,4798,Cutty Sark Scotch,1.75L,,80.0,$35.99 ,cutty sark
1823,SCOTCH WHISKY,4848,Dalwhinnie Distiller's Edition,750ml,,86.0,$84.99 ,dalwhinnie distiller edition
1824,SCOTCH WHISKY,4846,Dalwhinnie Single Malt Scotch,750ml,15YR,86.0,$69.99 ,dalwhinnie single malt
1825,SCOTCH WHISKY,4876,Dewar's Special Reserve,750ml,12YR,80.0,$39.99 ,dewar special reserve
1826,SCOTCH WHISKY,4878,Dewar's Special Reserve 12 Year Scotch,1.75L,12YR,80.0,$69.99 ,dewar special reserve 12
1827,SCOTCH WHISKY,4861,Dewar's White Label Scotch,50ml,,80.0,$2.29 ,dewar white
1828,SCOTCH WHISKY,4863,Dewar's White Label Scotch,200ml,,80.0,$8.99 ,dewar white
1829,SCOTCH WHISKY,4864,Dewar's White Label Scotch,375ml,,80.0,$14.99 ,dewar white
1830,SCOTCH WHISKY,4866,Dewar's White Label Scotch,750ml,,80.0,$23.99 ,dewar white
1831,SCOTCH WHISKY,4867,Dewar's White Label Scotch,1L,,80.0,$35.49 ,dewar white
1832,SCOTCH WHISKY,4868,Dewar's White Label Scotch,1.75L,,80.0,$48.99 ,dewar white
1833,SCOTCH WHISKY,4853,Dewar's White Label Scratched Cask,750ml,,80.0,$29.99 ,dewar white scratched cask
1834,SCOTCH WHISKY,7448,Duggan's Dew O'kirkintilloch Scotch,1.75L,,86.8,$27.99 ,duggan dew o'kirkintilloch
1835,SCOTCH WHISKY,4972,Glendronach 12 Year Single Malt Scotch,750ml,12YR,86.0,$64.99 ,glendronach 12 single malt
1836,SCOTCH WHISKY,5004,Glenfiddich 12 Year Scotch,375ml,12YR,80.0,$27.99 ,glenfiddich 12
1837,SCOTCH WHISKY,5007,Glenfiddich 12 Year Scotch,1L,,80.0,$59.99 ,glenfiddich 12
1838,SCOTCH WHISKY,5159,Glenfiddich 14 Year Scotch,750ml,14YR,86.0,$59.99 ,glenfiddich 14
1839,SCOTCH WHISKY,5157,Glenfiddich 18 Yr Ancient Reserve,750ml,,0.0,$119.99 ,glenfiddich 18 ancient reserve
1840,SCOTCH WHISKY,5012,Glenfiddich Ancient Reserve Single Malt,750ml,18YR,86.0,$119.99 ,glenfiddich ancient reserve single malt
1841,SCOTCH WHISKY,5231,Glenfiddich India Pale Ale Cask,750ml,,86.0,$74.99 ,glenfiddich india pale ale cask
1842,SCOTCH WHISKY,5006,Glenfiddich Single Malt,750ml,12YR,80.0,$49.99 ,glenfiddich single malt
1843,SCOTCH WHISKY,5008,Glenfiddich Single Malt Scotch,1.75L,12YR,80.0,$99.99 ,glenfiddich single malt
1844,SCOTCH WHISKY,5014,Glenfiddich Solera Reserve Single Malt,750ml,15YR,80.0,$69.99 ,glenfiddich solera reserve single malt
1845,SCOTCH WHISKY,4992,Glenfiddich The Original With Tin,750ml,,40.0,$99.99 ,glenfiddich the original with tin
1846,SCOTCH WHISKY,5208,Glenkinchie 24 YR,750ml,,114.4,$499.99 ,glenkinchie 24
1847,SCOTCH WHISKY,4983,Glenkinchie Distiller's Edition,750ml,,86.0,$67.99 ,glenkinchie distiller edition
1848,SCOTCH WHISKY,5031,Glenlivet 12 Year Single Malt Scotch,50ml,12YR,80.0,$3.99 ,glenlivet 12 single malt
1849,SCOTCH WHISKY,5036,Glenlivet 12 Year Single Malt Scotch,750ml,12YR,80.0,$49.99 ,glenlivet 12 single malt
1850,SCOTCH WHISKY,5037,Glenlivet 12 Year Single Malt Scotch,1L,12YR,80.0,$59.99 ,glenlivet 12 single malt
1851,SCOTCH WHISKY,5038,Glenlivet 12 Year Single Malt Scotch,1.75L,12YR,80.0,$99.99 ,glenlivet 12 single malt
1852,SCOTCH WHISKY,5034,Glenlivet 12 Year Single Malt Scotch,375ml,12YR,80.0,$25.99 ,glenlivet 12 single malt
1853,SCOTCH WHISKY,5040,Glenlivet 18 Year Single Malt Scotch,750ml,18YR,86.0,$119.99 ,glenlivet 18 single malt
1854,SCOTCH WHISKY,5075,Glenlivet Archive 21 Year Single Malt Scotch,750ml,21YR,80.0,$269.99 ,glenlivet archive 21 single malt
1855,SCOTCH WHISKY,5061,Glenlivet French Oak Reserve 15 Yr Old,750ml,,80.0,$69.99 ,glenlivet french oak reserve 15 old
1856,SCOTCH WHISKY,5086,Glenlivet Nadurra Scotch,750ml,16YR,118.0,$94.99 ,glenlivet nadurra
1857,SCOTCH WHISKY,5103,Glenmorangie Lasanta Scotch,750ml,,92.0,$57.99 ,glenmorangie lasanta
1858,SCOTCH WHISKY,179,Glenmorangie Milsean Scotch,750ml,,92.0,$99.99 ,glenmorangie milsean
1859,SCOTCH WHISKY,5104,Glenmorangie Nectar D'or Scotch,750ml,,92.0,$73.99 ,glenmorangie nectar d'or
1860,SCOTCH WHISKY,863,Glenmorangie Original Angled Frame The Open,750ml,,86.0,$44.99 ,glenmorangie original angled frame the open
1861,SCOTCH WHISKY,5105,Glenmorangie Quinta Ruban Scotch,750ml,,92.0,$61.99 ,glenmorangie quinta ruban
1862,SCOTCH WHISKY,5130,Glenmorangie The Original 10 Yr,1.75L,10YR,86.0,$81.99 ,glenmorangie the original 10
1863,SCOTCH WHISKY,5134,Glenmorangie The Original 10 Yr,1L,10YR,86.0,$52.99 ,glenmorangie the original 10
1864,SCOTCH WHISKY,5133,Glenmorangie The Original 10 Yr,750ml,10YR,86.0,$45.99 ,glenmorangie the original 10
1865,SCOTCH WHISKY,5136,Glenmorangie The Original 18 Yr,750ml,,86.0,$115.99 ,glenmorangie the original 18
1866,SCOTCH WHISKY,5173,Glenmorangie Tusail Scotch,750ml,,92.0,$99.99 ,glenmorangie tusail
1867,SCOTCH WHISKY,7790,Grand MacNish,1.75L,,80.0,$21.99 ,grand macnish
1868,SCOTCH WHISKY,5106,Grant's Scotch,750ml,,80.0,$18.99 ,grant
1869,SCOTCH WHISKY,5108,Grant's Scotch,1.75L,,80.0,$34.99 ,grant
1870,SCOTCH WHISKY,5816,Haig & Haig Pinch,750ml,15YR,80.0,$42.99 ,haig & haig pinch
1871,SCOTCH WHISKY,5202,Haig Club Scotch,750ml,,80.0,$69.99 ,haig club
1872,SCOTCH WHISKY,5246,Highland Park 12 Year Scotch,750ml,12YR,86.0,$52.99 ,highland park 12
1873,SCOTCH WHISKY,5252,Highland Park 25yr Single Malt,750ml,,86.0,$799.99 ,highland park 25 single malt
1874,SCOTCH WHISKY,5220,Highland Park Dark Origins,750ml,,93.6,$79.99 ,highland park dark origins
1875,SCOTCH WHISKY,5221,Highland Park Fire Edition,750ml,,90.4,$399.99 ,highland park fire edition
1876,SCOTCH WHISKY,8207,House Of Stuart Scotch,1L,3YR,80.0,$10.99 ,house of stuart
1877,SCOTCH WHISKY,8208,House Of Stuart Scotch,1.75L,3YR,80.0,$18.99 ,house of stuart
1878,SCOTCH WHISKY,8347,Inver House Scotch,1L,,80.0,$11.99 ,inver house
1879,SCOTCH WHISKY,8348,Inver House Scotch,1.75L,,80.0,$18.99 ,inver house
1880,SCOTCH WHISKY,5267,Islay Mist 8 Yr,750ml,,80.0,$25.90 ,islay mist 8
1881,SCOTCH WHISKY,5286,Isle Of Jura Scotch,750ml,10YR,86.0,$59.99 ,isle of jura
1882,SCOTCH WHISKY,5288,J & B Rare Scotch,1.75L,,80.0,$39.99 ,j & b rare
1883,SCOTCH WHISKY,5289,J & B Rare Scotch,1L,,80.0,$31.99 ,j & b rare
1884,SCOTCH WHISKY,5290,J & B Rare Scotch,750ml,,80.0,$19.99 ,j & b rare
1885,SCOTCH WHISKY,8378,J.W. Dant's Scotch,1.75L,,80.0,$21.49 ,j.w. dant
1886,SCOTCH WHISKY,5322,Johnnie Walker Black,200ml,,80.0,$13.49 ,johnnie walker black
1887,SCOTCH WHISKY,5321,Johnnie Walker Black Scotch,50ml,12YR,80.0,$3.49 ,johnnie walker black
1888,SCOTCH WHISKY,5325,Johnnie Walker Black Scotch,375ml,12YR,80.0,$23.99 ,johnnie walker black
1889,SCOTCH WHISKY,5326,Johnnie Walker Black Scotch,750ml,12YR,80.0,$41.99 ,johnnie walker black
1890,SCOTCH WHISKY,5327,Johnnie Walker Black Scotch,1L,12YR,80.0,$54.99 ,johnnie walker black
1891,SCOTCH WHISKY,5339,Johnnie Walker Black Scotch,1.75L,12YR,80.0,$87.99 ,johnnie walker black
1892,SCOTCH WHISKY,5408,Johnnie Walker Black Scotch,200ml,,80.0,$13.49 ,johnnie walker black
1893,SCOTCH WHISKY,5373,Johnnie Walker Blue Alfred Dunhill Limited Edition,750ml,,80.0,$244.99 ,johnnie walker blue alfred dunhill limited edition
1894,SCOTCH WHISKY,5405,Johnnie Walker Blue Label 2015: Year Of The Ram,750ml,,86.0,$259.99 ,johnnie walker blue 2015: of the ram
1895,SCOTCH WHISKY,5277,Johnnie Walker Blue Label 2016: Year Of The Monkey,750ml,,86.0,$259.99 ,johnnie walker blue 2016: of the monkey
1896,SCOTCH WHISKY,5336,Johnnie Walker Blue Scotch,750ml,,80.0,$229.99 ,johnnie walker blue
1897,SCOTCH WHISKY,5368,Johnnie Walker Blue Scotch,1.75L,,80.0,$324.99 ,johnnie walker blue
1898,SCOTCH WHISKY,5270,Johnnie Walker Blue 'year Of The Rooster',750ml,,92.0,$259.99 ,johnnie walker blue ' of the rooster'
1899,SCOTCH WHISKY,5318,Johnnie Walker Double Black,750ml,,80.0,$49.99 ,johnnie walker double black
1900,SCOTCH WHISKY,5316,Johnnie Walker Gold Reserve Scotch,750ml,,80.0,$89.99 ,johnnie walker gold reserve
1901,SCOTCH WHISKY,5350,Johnnie Walker Green Scotch,750ml,,80.0,$61.99 ,johnnie walker green
1902,SCOTCH WHISKY,5319,Johnnie Walker Platinum,750ml,,80.0,$108.99 ,johnnie walker platinum
1903,SCOTCH WHISKY,5341,Johnnie Walker Red Scotch,50ml,,80.0,$2.49 ,johnnie walker red
1904,SCOTCH WHISKY,5345,Johnnie Walker Red Scotch,375ml,,80.0,$15.49 ,johnnie walker red
1905,SCOTCH WHISKY,5346,Johnnie Walker Red Scotch,750ml,,80.0,$27.49 ,johnnie walker red
1906,SCOTCH WHISKY,5347,Johnnie Walker Red Scotch,1L,,86.8,$36.49 ,johnnie walker red
1907,SCOTCH WHISKY,5349,Johnnie Walker Red Scotch,1.75L,,80.0,$49.99 ,johnnie walker red
1908,SCOTCH WHISKY,5281,Johnnie Walker Select Casks,750ml,,92.0,$44.89 ,johnnie walker select casks
1909,SCOTCH WHISKY,5427,Lagavulin 12 Year Scotch,750ml,12YR,115.6,$128.99 ,lagavulin 12
1910,SCOTCH WHISKY,5583,Lagavulin 25 YR,750ml,,103.4,"$1,339.99 ",lagavulin 25
1911,SCOTCH WHISKY,5552,Lagavulin 8yr,750ml,8YR,96.0,$64.99 ,lagavulin 8
1912,SCOTCH WHISKY,5426,Lagavulin Distillers Edition,750ml,,86.0,$124.99 ,lagavulin distillers edition
1913,SCOTCH WHISKY,5430,Lagavulin Single Malt,750ml,16YR,86.0,$105.99 ,lagavulin single malt
1914,SCOTCH WHISKY,5437,Laphroaig 18 Year Scotch,750ml,18YR,96.0,$109.99 ,laphroaig 18
1915,SCOTCH WHISKY,5447,Laphroaig 25 Year,750ml,,93.6,$499.99 ,laphroaig 25
1916,SCOTCH WHISKY,5434,Laphroaig Cairdeas Madeira,750ml,,103.2,$74.99 ,laphroaig cairdeas madeira
1917,SCOTCH WHISKY,5545,Laphroaig Lore,750ml,,96.0,$124.99 ,laphroaig lore
1918,SCOTCH WHISKY,5433,Laphroaig Quarter Cask,750ml,,96.0,$59.99 ,laphroaig quarter cask
1919,SCOTCH WHISKY,5404,Laphroaig Select Scotch,750ml,,80.0,$47.99 ,laphroaig select
1920,SCOTCH WHISKY,5445,Laphroaig Single Malt,750ml,10YR,86.0,$54.99 ,laphroaig single malt
1921,SCOTCH WHISKY,5443,Laphroaig Triplewood,750ml,,96.0,$74.99 ,laphroaig triplewood
1922,SCOTCH WHISKY,5482,Macallan 12 Year Single Malt Scotch,1.75L,,86.0,$144.99 ,macallan 12 single malt
1923,SCOTCH WHISKY,5515,Macallan 18 Year Single Malt Scotch,750ml,,86.0,$274.99 ,macallan 18 single malt
1924,SCOTCH WHISKY,5509,Macallan 30yr Fine Oak,750ml,,86.0,"$2,499.99 ",macallan 30 fine oak
1925,SCOTCH WHISKY,5505,Macallan 30yr Sherry Oak,750ml,,86.0,"$2,499.99 ",macallan 30 sherry oak
1926,SCOTCH WHISKY,5582,Macallan Edition No. 2,750ml,,96.4,$99.99 ,macallan edition no. 2
1927,SCOTCH WHISKY,5512,Macallan Rare Cask,750ml,,86.0,$299.99 ,macallan rare cask
1928,SCOTCH WHISKY,5596,Mcclelland's Highland Scotch,750ml,,80.0,$26.99 ,mcclelland highland
1929,SCOTCH WHISKY,5598,Mcclelland's Highland Scotch,1.75L,,80.0,$45.99 ,mcclelland highland
1930,SCOTCH WHISKY,5606,Mcclelland's Islay Scotch,750ml,,80.0,$27.99 ,mcclelland islay
1931,SCOTCH WHISKY,5616,Mcclelland's Lowland,750ml,,80.0,$26.90 ,mcclelland lowland
1932,SCOTCH WHISKY,5635,Monkey Shoulder Scotch,750ml,,86.4,$34.99 ,monkey shoulder
1933,SCOTCH WHISKY,5642,Mortlach Rare,750ml,,86.8,$129.99 ,mortlach rare
1934,SCOTCH WHISKY,5696,Oban,750ml,14YR,86.0,$81.99 ,oban
1935,SCOTCH WHISKY,5702,Oban 18 Yr,750ml,,86.0,$154.99 ,oban 18
1936,SCOTCH WHISKY,5690,Oban Distillers Edition,750ml,,86.0,$97.99 ,oban distillers edition
1937,SCOTCH WHISKY,5701,Oban Little Bay,750ml,,86.0,$64.99 ,oban little bay
1938,SCOTCH WHISKY,5756,Old Pulteney,750ml,,86.0,$45.99 ,old pulteney
1939,SCOTCH WHISKY,5755,Old Pulteney,750ml,,86.0,$45.99 ,old pulteney
1940,SCOTCH WHISKY,9278,Old Smuggler,1.75L,,80.0,$21.99 ,old smuggler
1941,SCOTCH WHISKY,9426,Passport,750ml,,80.0,$17.95 ,passport
1942,SCOTCH WHISKY,9428,Passport,1.75L,,80.0,$29.99 ,passport
1943,SCOTCH WHISKY,5876,Rosebank 21 Year,750ml,,110.6,$569.99 ,rosebank 21
1944,SCOTCH WHISKY,10006,Scoresby Rare,750ml,,80.0,$13.90 ,scoresby rare
1945,SCOTCH WHISKY,10008,Scoresby Rare,1.75L,,80.0,$19.99 ,scoresby rare
1946,SCOTCH WHISKY,6101,Speyburn Bradan Orach,750ml,,80.0,$21.99 ,speyburn bradan orach
1947,SCOTCH WHISKY,6106,Speyburn Single Malt,750ml,10YR,86.0,$29.99 ,speyburn single malt
1948,SCOTCH WHISKY,6198,Talisker 18 Year Scotch,750ml,,91.6,$149.99 ,talisker 18
1949,SCOTCH WHISKY,6205,Talisker 25 YR,750ml,,91.6,$659.99 ,talisker 25
1950,SCOTCH WHISKY,6203,Talisker 30yr,750ml,,114.6,$889.99 ,talisker 30
1951,SCOTCH WHISKY,6197,Talisker Distiller's Edition,750ml,,91.6,$95.99 ,talisker distiller edition
1952,SCOTCH WHISKY,6206,Talisker Single Malt,750ml,10YR,91.6,$76.99 ,talisker single malt
1953,SCOTCH WHISKY,6196,Talisker Storm,750ml,,91.6,$59.99 ,talisker storm
1954,SCOTCH WHISKY,6266,Tamdhu 10 Yr Sherry Cask,750ml,10YR,86.0,$80.19 ,tamdhu 10 sherry cask
1955,SCOTCH WHISKY,6236,Teacher's Scotch,750ml,,86.0,$19.99 ,teacher
1956,SCOTCH WHISKY,6238,Teacher's Scotch,1.75L,,86.0,$39.90 ,teacher
1957,SCOTCH WHISKY,4376,The Balvenie Single Barrel,750ml,15YR,96.0,$99.90 ,balvenie single barrel
1958,SCOTCH WHISKY,4558,The Black Grouse,1.75L,,40.0,$50.59 ,black grouse
1959,SCOTCH WHISKY,4825,The Dalmore 12 YO,750ml,,80.0,$69.99 ,dalmore 12 yo
1960,SCOTCH WHISKY,4936,The Famous Grouse,750ml,,80.0,$24.99 ,famous grouse
1961,SCOTCH WHISKY,4938,The Famous Grouse,1.75L,,80.0,$47.99 ,famous grouse
1962,SCOTCH WHISKY,4937,The Famous Grouse,1L,,80.0,$32.99 ,famous grouse
1963,SCOTCH WHISKY,5196,The Famous Grouse Smoky Black,1.75L,,80.0,$54.99 ,famous grouse smoky black
1964,SCOTCH WHISKY,5153,The Glenlivet Founders Reserve,750ml,,80.0,$44.99 ,glenlivet founders reserve
1965,SCOTCH WHISKY,5149,The Glenlivet Nadurra First Fill,750ml,,119.6,$94.99 ,glenlivet nadurra first fill
1966,SCOTCH WHISKY,721,The Glenlivet Nadurra Oloroso,750ml,,121.4,$94.99 ,glenlivet nadurra oloroso
1967,SCOTCH WHISKY,100005,The Glenlivet W/50ml's 15yr & Founders Reserve,750ml,,80.0,$48.99 ,glenlivet w/50ml 15 & founders reserve
1968,SCOTCH WHISKY,5168,The Glenrothes Bourbon Cask Reserve,750ml,,80.0,$59.99 ,glenrothes cask reserve
1969,SCOTCH WHISKY,5161,The Glenrothes Sherry Cask Reserve Scotch,750ml,,80.0,$59.99 ,glenrothes sherry cask reserve
1970,SCOTCH WHISKY,5166,The Glenrothes Vintage Reserve Scotch,750ml,,80.0,$54.99 ,glenrothes vintage reserve
1971,SCOTCH WHISKY,5510,"The Macallan ""m""",750ml,,89.0,"$5,999.99 ","macallan ""m"""
1972,SCOTCH WHISKY,5484,The Macallan 12yr,375ml,,86.0,$36.99 ,macallan 12
1973,SCOTCH WHISKY,5486,The Macallan 12yr Scotch,750ml,12YR,86.0,$67.99 ,macallan 12
1974,SCOTCH WHISKY,5481,The Macallan 12yr Scotch,50ml,12YR,43.0,$9.99 ,macallan 12
1975,SCOTCH WHISKY,5476,The Macallan 25yr,750ml,25YR,86.0,"$1,299.99 ",macallan 25
1976,SCOTCH WHISKY,5502,The Macallan 25yr,750ml,,86.0,"$1,299.99 ",macallan 25
1977,SCOTCH WHISKY,5555,The Macallan Double Cask 12 Yr,750ml,,86.0,$67.99 ,macallan double cask 12
1978,SCOTCH WHISKY,5539,The Macallan Edition No. 1,750ml,,96.0,$99.99 ,macallan edition no. 1
1979,SCOTCH WHISKY,5492,The Macallan Fine Oak 10yr,750ml,10YR,80.0,$56.99 ,macallan fine oak 10
1980,SCOTCH WHISKY,5493,The Macallan Fine Oak 15 Yr,750ml,15YR,43.0,$119.99 ,macallan fine oak 15
1981,SCOTCH WHISKY,5498,The Macallan Fine Oak 17yr,750ml,17YR,43.0,$249.99 ,macallan fine oak 17
1982,SCOTCH WHISKY,5491,The Macallan Fine Oak 21 YR Old,750ml,,86.0,$499.99 ,macallan fine oak 21 old
1983,SCOTCH WHISKY,6316,Tomatin 12 Year Scotch,750ml,,86.0,$36.99 ,tomatin 12
1984,SCOTCH WHISKY,10278,Usher's Green Stripe,1.75L,,80.0,$29.90 ,usher green stripe
1985,SCOTCH WHISKY,10348,Vat 69 Gold,1.75L,3YR,80.0,$25.99 ,vat 69 gold
1986,SCOTCH WHISKY,6436,White Horse,750ml,,80.0,$19.99 ,white horse
1987,SCOTCH WHISKY,6438,White Horse Scotch,1.75L,,80.0,$35.99 ,white horse
